OMS,omsId,remoteOmsId,src,snk,cost,distance,ots,osnr,slice,colors,sorted_omsId,sorted_remoteOmsId
OMS,33,304,15,332,40001,25,1,0.000471,6250,:96-112:120-168:176-392:400-496:504-512:520-608:616-720:728-736,33,304
OMS,31,829,15,503,20001,1,1,0.000471,6250,:112-144:160-168:176-192:200-208:216-264:280-312:320-368:376-392:400-464:528-536:552-600:624-656:664-672:680-696:712-720,31,829
OMS,30,45,15,23,136002,120,2,0.002354,6250,:96-128:136-656:664-672:688-720,30,45
OMS,25,279,15,327,33001,17,1,0.000541,6250,:96-112:120-176:184-216:224-232:248-256:272-280:344-352:360-368:376-384:408-416:480-488:496-504:520-560:568-600:608-616:632-640:648-656:664-688:696-704:712-728,25,279
OMS,27,291,15,329,43001,29,1,0.000541,6250,:96-128:136-176:184-232:240-248:256-304:320-328:392-440:456-464:568-600:632-640:648-680:728-736,27,291
OMS,46,813,23,499,90001,88,1,0.003838,6250,:104-288:296-312:320-368:376-592:600-656:688-704:712-736,46,813
OMS,51,870,25,971,20001,1,1,0.000388,6250,:96-408:416-864,51,870
OMS,50,268,25,916,388006,338,6,0.002716,6250,:96-112:120-152:160-176:200-312:320-328:336-448:456-568:576-592:600-616:624-640:648-728,50,268
OMS,49,266,25,318,251004,216,4,0.00194,6250,:96-136:144-160:168-176:208-240:248-296:304-312:320-328:336-352:360-376:384-448:464-488:496-544:552-592:600-640:648-720:728-736,49,266
OMS,47,460,25,416,24001,6,1,0.000656,6250,:96-736,47,460
OMS,66,802,26,494,129002,113,2,0.001256,6250,:104-112:136-168:176-184:192-200:208-248:264-288:296-328:336-344:360-376:384-392:400-440:464-488:520-528:536-576:584-600:608-632:656-664:672-680:696-712:728-736,66,802
OMS,61,377,26,361,131002,115,2,0.001461,6250,:112-128:136-144:160-168:216-224:240-248:256-264:280-288:312-320:336-344:448-464:520-544:560-568,61,377
OMS,60,354,26,352,20001,1,1,0.000421,6250,:152-160:216-224:240-248:424-432:520-528:560-568,60,354
OMS,62,440,26,403,168002,161,2,0.003382,6250,:104-128:136-144:152-160:176-184:192-200:208-240:248-280:296-328:336-344:352-360:368-376:384-392:408-424:440-448:456-528:544-560:568-576:624-640:656-664:672-688:704-720,62,440
OMS,63,340,26,343,406006,360,6,0.005136,6250,:104-112:120-128:168-176:192-200:208-232:248-272:288-336:344-360:368-392:408-424:464-488:504-512:520-528:536-568:592-600:608-664:672-720:728-736,63,340
OMS,64,140,26,112,179003,150,3,0.002072,6250,:120-128:136-144:152-168:176-184:192-200:208-224:232-248:256-264:272-288:312-320:360-368:392-400:520-528:560-584:592-600:608-616:664-672:696-704:728-736,64,140
OMS,65,102,26,53,281004,252,4,0.005687,6250,:96-104:112-144:152-160:184-224:240-264:352-368:424-432:456-464:504-512:520-528:600-608:616-624:632-640:680-688:712-728,65,102
OMS,94,163,34,774,279004,251,4,0.003725,6250,:96-104:112-152:192-208:216-232:256-272:288-296:312-320:328-336:344-376:392-400:408-464:472-528:552-608:616-640:648-672:680-696:704-728,94,163
OMS,93,165,34,801,279004,251,4,0.003725,6250,:96-152:160-192:200-224:232-240:248-256:264-288:296-320:328-352:360-384:408-448:464-480:496-536:544-584:592-608:616-648:656-672:680-704:728-736,93,165
OMS,92,735,34,773,421006,381,6,0.003307,6250,:104-128:152-160:192-200:208-264:272-288:296-304:328-336:360-368:376-392:400-424:440-496:504-512:536-560:592-616:632-664,92,735
OMS,91,170,34,142,294004,270,4,0.00382,6250,:160-168:208-232:240-248:256-264:280-288:296-312:328-336:360-368:384-408:440-448:464-480:488-496:504-520:528-536:552-560:568-584:592-600:656-664:672-680:688-704:728-736,91,170
OMS,86,95,34,38,294004,270,4,0.00382,6250,:104-128:136-144:192-200:208-216:256-272:280-288:312-352:360-368:376-384:408-432:440-456:464-496:528-544:552-568:600-640,86,95
OMS,87,682,34,469,20001,1,1,0.000411,6250,:112-128:136-152:168-176:192-200:216-224:264-272:304-320:328-336:344-360:376-384:392-400:408-432:440-448:472-488:496-528:544-568:592-664:680-704:712-720:728-736,87,682
OMS,88,161,34,1127,279004,251,4,0.003725,6250,:136-144:160-176:192-200:208-224:240-248:256-272:280-288:304-368:376-384:392-400:424-448:472-480:504-520:528-544:552-576:584-592:608-640:648-704:712-720:728-736,88,161
OMS,89,167,34,883,279004,251,4,0.003725,6250,:104-128:136-160:176-200:208-216:224-232:240-248:256-312:320-336:344-360:368-432:440-504:512-520:528-544:552-584:592-600:648-680:688-704:712-720:728-736,89,167
OMS,90,723,34,480,260004,227,4,0.003477,6250,:96-128:136-144:152-160:192-216:224-240:256-288:296-304:344-352:360-376:416-424:432-440:456-464:472-480:512-520:552-560:568-576:584-592:616-640:648-664:680-688:696-704,90,723
OMS,96,778,38,488,221003,204,3,0.003617,6250,:104-128:136-144:192-200:208-216:256-272:280-288:312-352:360-368:376-384:408-432:440-456:464-496:528-544:552-568:600-640,96,778
OMS,101,812,53,499,240004,202,4,0.002376,6250,:96-104:112-144:152-160:184-224:240-264:352-368:424-432:456-464:504-512:520-528:600-608:616-624:632-640:680-688:712-728,101,812
OMS,129,766,70,486,267004,235,4,0.004281,6250,:96-144:152-224:232-320:328-352:360-408:416-440:448-456:464-552:560-600:608-616:632-640:648-680:688-728,129,766
OMS,128,691,70,478,354005,320,5,0.006913,6250,:96-144:152-224:232-320:328-352:360-408:416-440:448-456:464-552:560-600:608-616:632-640:648-680:688-728,128,691
OMS,131,789,81,492,298005,251,5,0.002673,6250,:96-112:120-128:136-144:152-160:176-184:192-224:240-248:256-288:296-312:328-352:360-368:384-392:424-432:440-464:472-496:520-576:584-592:600-608:616-640:648-720:728-736,131,789
OMS,130,781,81,488,257004,223,4,0.003289,6250,:96-112:120-128:136-144:152-160:176-184:192-224:240-248:256-288:296-312:328-352:360-368:384-392:424-432:440-464:472-496:520-576:584-592:600-608:616-640:648-720:728-736,130,781
OMS,133,747,89,482,236003,221,3,0.003463,6250,:120-144:184-192:200-224:272-288:360-368:416-424:448-456:472-480:568-576:584-592:616-640:648-664:680-688:696-704:712-720,133,747
OMS,132,724,89,480,254004,219,4,0.002816,6250,:120-144:184-192:200-224:272-288:360-368:416-424:448-456:472-480:568-576:584-592:616-640:648-664:680-688:696-704:712-720,132,724
OMS,138,262,98,776,271004,241,4,0.00194,6250,:96-112:120-136:160-168:184-200:224-232:248-264:272-280:288-296:336-368:408-416:448-464:472-488:504-512:536-544:568-576:600-608:624-656:680-688:704-712,138,262
OMS,137,205,98,704,437006,400,6,0.002541,6250,:104-160:168-192:200-280:288-336:344-448:456-488:496-536:552-568:576-624:632-640:648-680:688-704:712-736,137,205
OMS,136,694,98,478,418005,399,5,0.002944,6250,:96-232:240-280:288-432:440-464:472-488:496-520:528-720:728-736,136,694
OMS,134,726,98,480,226003,209,3,0.001432,6250,:96-144:160-200:208-432:440-544:552-736,134,726
OMS,135,218,98,273,436006,399,6,0.002541,6250,:104-112:120-136:144-160:184-192:200-208:224-240:248-264:272-280:288-296:344-368:408-416:456-488:504-512:520-528:600-608:632-640:648-656:720-728,135,218
OMS,139,491,112,431,276004,247,4,0.003993,6250,:120-128:136-144:152-168:176-184:192-200:208-224:232-248:256-264:272-288:312-320:360-368:392-400:520-528:560-584:592-600:608-616:664-672:696-704:728-736,139,491
OMS,153,339,120,343,235004,196,4,0.002083,6250,:152-160:264-272:280-288:304-312:328-344:352-384:392-400:416-424:440-448:480-488:536-544:632-640,153,339
OMS,152,798,120,494,193003,168,3,0.001809,6250,:152-160:264-272:280-288:304-312:328-344:352-384:392-400:416-424:440-448:480-488:536-544:632-640,152,798
OMS,171,779,142,488,221003,204,3,0.003617,6250,:160-168:208-232:240-248:256-264:280-288:296-312:328-336:360-368:384-408:440-448:464-480:488-496:504-520:528-536:552-560:568-584:592-600:656-664:672-680:688-704:728-736,171,779
OMS,173,387,173,371,312005,267,5,0.003523,6250,:96-104:112-280:312-320:336-368:376-392:400-432:448-496:504-512:536-552:608-616:624-656:672-680:696-704,173,387
OMS,172,509,173,446,357005,323,5,0.003759,6250,:96-104:112-280:312-320:336-368:376-392:400-432:448-496:504-512:536-552:608-616:624-656:672-680:696-704,172,509
OMS,175,503,200,442,373005,344,5,0.004482,6250,:96-240:472-480:496-544:552-576:584-608:616-672,175,503
OMS,174,394,200,377,301005,254,5,0.002171,6250,:96-240:472-480:496-544:552-576:584-608:616-672,174,394
OMS,177,353,207,352,179003,150,3,0.002237,6250,:112-120:224-232:280-288:304-312:344-368:400-408:504-512:552-568,177,353
OMS,176,488,207,431,275004,246,4,0.003878,6250,:112-120:224-232:280-288:304-312:344-368:400-408:504-512:552-568,176,488
OMS,181,306,242,332,178003,150,3,0.001438,6250,:96-184:192-272:280-288:296-352:360-368:376-432:448-504:512-592:600-664:672-736,181,306
OMS,180,194,242,257,48001,36,1,0.000601,6250,:96-184:192-272:280-288:296-352:360-368:376-432:448-504:512-592:600-664:672-736,180,194
OMS,178,327,242,338,24001,5,1,5e-06,6250,:96-736,178,327
OMS,179,366,242,354,208003,187,3,0.001432,6250,:96-736,179,366
OMS,183,767,251,486,268004,238,4,0.00182,6250,:96-736,183,767
OMS,182,442,251,403,360005,328,5,0.002208,6250,:96-736,182,442
OMS,195,258,257,297,41001,27,1,0.000457,6250,:96-184:192-200:208-288:296-352:360-368:376-432:440-504:520-592:600-704:712-736,195,258
OMS,193,326,257,338,48001,36,1,0.00072,6250,:128-136:144-168:184-192:312-320:328-336:384-400:456-472:488-512:528-544:552-568:592-600:616-624:640-648:664-680:688-704:720-736,193,326
OMS,215,240,273,285,60001,50,1,0.001945,6250,:104-112:160-168:176-184:192-208:216-240:248-264:272-296:344-352:360-376:384-416:424-432:464-472:480-488:496-536:560-576:592-600:608-616:648-672:688-696:704-712,215,240
OMS,214,242,273,293,32001,15,1,0.000411,6250,:120-128:160-168:216-224:240-248:256-264:272-280:344-352:384-392:456-464:480-488:528-544:576-584:600-608:624-632:664-672:680-696:728-736,214,242
OMS,216,800,273,494,36001,20,1,0.000411,6250,:304-312:360-376:416-424:432-440:456-472:520-528:696-712,216,800
OMS,217,693,273,478,267004,236,4,0.003207,6250,:96-104:112-120:128-144:152-168:176-184:192-240:248-312:328-352:360-376:384-440:448-456:464-472:480-496:504-544:576-584:592-600:608-616:640-648:656-664:680-696:728-736,217,693
OMS,239,799,285,494,56001,45,1,0.00114,6250,:96-112:128-152:160-176:200-224:240-248:256-288:296-320:344-376:384-400:408-416:424-432:440-448:456-472:480-488:496-512:536-544:568-584:592-640:656-688:696-712,239,799
OMS,238,244,285,293,52001,41,1,0.000538,6250,:96-192:208-272:280-424:432-448:464-480:488-520:528-536:544-560:568-624:632-648:656-664:672-680:688-712:720-736,238,244
OMS,237,430,285,393,288004,263,4,0.004271,6250,:96-112:160-184:192-208:216-296:320-328:336-416:424-448:464-472:488-512:520-576:592-632:640-648:656-680:688-696:704-712:728-736,237,430
OMS,246,801,293,494,25001,7,1,0.000316,6250,:96-208:216-448:456-736,246,801
OMS,243,782,293,488,20001,1,1,0.000411,6250,:120-128:144-152:216-224:384-392:576-584:672-680:696-704:728-736,243,782
OMS,241,411,293,388,20001,1,1,0.000411,6250,:96-104:112-120:160-168:216-224:240-264:280-312:328-360:368-376:392-400:440-448:456-464:528-536:592-616:656-664:688-696,241,411
OMS,253,431,297,393,32001,16,1,0.000411,6250,:208-216:280-288:360-368:432-440:504-512:552-560:600-608,253,431
OMS,254,420,297,391,37001,22,1,0.000411,6250,:112-120:136-144:152-160:168-176:184-208:224-232:248-280:320-328:344-368:376-408:440-480:488-520:528-544:568-576:592-624:632-672:680-720,254,420
OMS,264,504,313,442,342005,305,5,0.002208,6250,:96-736,264,504
OMS,263,396,313,377,290005,241,5,0.002208,6250,:96-736,263,396
OMS,265,493,318,431,24001,5,1,5e-06,6250,:96-136:144-160:168-176:208-240:248-296:304-312:320-328:336-352:360-376:384-448:464-488:496-544:552-592:600-640:648-720:728-736,265,493
OMS,282,810,327,499,20001,1,1,0.000565,6250,:272-288:304-312:344-352:376-384:392-400:432-440:448-456:464-472:504-520:536-544:552-560:568-592:600-608:616-640:648-664:672-680:704-712:720-728,282,810
OMS,281,319,327,338,140002,126,2,0.001707,6250,,281,319
OMS,278,336,327,343,253004,219,4,0.002528,6250,:160-168:240-248:272-280:296-312:344-352:408-416:424-440,278,336
OMS,276,284,327,329,29001,12,1,0.000565,6250,:104-120:200-208:512-520:600-608:616-624:688-696,276,284
OMS,275,307,327,335,144002,131,2,0.001886,6250,:104-152:160-192:200-232:240-264:272-296:304-312:320-344:352-368:376-392:440-456:464-512:520-528:656-664:696-712,275,307
OMS,273,297,327,332,25001,7,1,0.000565,6250,:96-112:152-160:176-184:200-208:216-224:304-312:328-336:384-400:408-416:440-448:456-464:528-536:640-648:696-704:712-720,273,297
OMS,274,343,327,348,243004,205,4,0.002092,6250,:96-128:168-176:184-208:232-240:256-264:288-304:344-352:480-488:576-584:704-712:720-728,274,343
OMS,294,821,329,502,20001,1,1,0.000471,6250,:96-120:128-176:200-208:216-280:288-416:424-456:464-512:520-528:552-560:568-576:600-736,294,821
OMS,292,363,329,354,270004,240,4,0.00388,6250,:96-112:120-160:168-248:256-272:280-304:312-336:344-352:368-432:440-448:496-512,292,363
OMS,283,296,329,332,32001,15,1,0.000541,6250,:96-144:152-168:176-208:216-224:232-248:256-272:280-296:320-328:336-344:352-360:368-376:384-400:424-440:448-456:464-472:600-608,283,296
OMS,287,308,329,335,75001,69,1,0.00185,6250,:96-104:112-120:128-168:176-208:240-248:280-304:328-336:344-352:360-368:376-384:424-432:488-504:520-528:536-544:552-560:568-576:680-696,287,308
OMS,305,792,332,492,24001,5,1,5e-06,6250,:96-736,305,792
OMS,295,397,332,384,303005,256,5,0.0023,6250,:96-104:152-168:192-208:216-232:240-256:264-280:368-376:384-408:424-432:480-488:504-512:552-568:576-584:600-608:640-648:664-672:680-688:696-704,295,397
OMS,298,315,332,338,185003,157,3,0.001823,6250,:96-112:120-152:160-192:200-208:224-256:304-320:344-352:360-424:440-448:456-472:488-536:552-560,298,315
OMS,311,756,335,484,20001,1,1,0.000471,6250,:112-128:144-152:160-168:176-192:216-224:240-248:256-264:280-288:328-336:360-368:376-384:392-408:424-440:456-480:488-544:552-592:632-656:664-696:704-712,311,756
OMS,322,426,338,393,68001,60,1,0.00078,6250,:120-128:136-144:264-272:360-368:416-424:440-448:464-472:488-496:512-520:528-536:544-584:600-608:640-648:656-680:688-696:704-712:720-736,322,426
OMS,321,811,338,499,140002,126,2,0.001586,6250,:168-176:224-232:312-320:488-496:504-512:688-696,321,811
OMS,320,419,338,391,72001,66,1,0.000927,6250,:96-112:120-152:168-192:200-208:216-240:248-264:280-432:440-456:488-520:552-600:608-656:672-704:712-736,320,419
OMS,337,388,343,371,321005,278,5,0.00388,6250,:104-128:136-144:184-192:200-208:216-232:248-272:312-320:392-400:408-440:456-464:472-480:504-520:544-560:664-672,337,388
OMS,335,357,343,354,28001,11,1,0.000956,6250,:160-168:176-184:192-200:208-216:320-328:344-352:368-376:448-456:464-472:480-496:528-536:544-552:576-592:616-624:680-688:696-704:712-720,335,357
OMS,334,350,343,352,410006,364,6,0.005211,6250,:96-104:112-120:152-176:192-208:224-232:256-272:280-296:424-432:472-480:512-536:544-552:616-624:680-688:696-704:712-720:728-736,334,350
OMS,328,367,343,358,239004,200,4,0.002229,6250,:96-112:120-128:136-144:152-168:184-224:344-352:376-384:424-448:680-688,328,367
OMS,344,346,348,352,283004,255,4,0.00601,6250,:96-128:168-176:184-208:232-240:256-264:288-304:344-352:480-488:576-584:704-712:720-728,344,346
OMS,352,497,352,436,181003,152,3,0.002079,6250,:96-104:120-128:160-168:176-184:192-200:264-296:368-376:384-400:416-424:432-440:464-472:520-528:552-560:592-608:680-688,352,497
OMS,345,432,352,403,166002,158,2,0.006133,6250,:136-144:168-176:192-208:520-528:616-624,345,432
OMS,348,399,352,388,130002,114,2,0.001801,6250,:680-688:704-712:720-728,348,399
OMS,349,372,352,361,132002,116,2,0.001597,6250,,349,372
OMS,365,395,354,377,260003,251,3,0.006023,6250,:96-176:184-240:296-312:320-336:344-352:360-384:392-400:408-416:448-456:464-472:480-488:496-512:520-544:560-568:584-600:616-672:680-704:712-728,365,395
OMS,355,382,354,371,275004,246,4,0.002606,6250,:96-104:112-120:128-144:168-192:264-272:320-336:368-376:384-408:424-432:504-512:520-528:544-552:560-568:576-584:616-624:656-664,355,382
OMS,368,373,358,361,196003,171,3,0.001804,6250,:96-112:120-128:136-144:152-168:184-224:344-352:376-384:424-448:680-688,368,373
OMS,380,418,361,391,273004,244,4,0.00321,6250,:104-120:128-152:168-192:224-240:248-264:280-336:344-368:376-408:416-424:440-456:464-472:488-520:528-536:552-600:608-624:632-656:680-736,380,418
OMS,379,428,361,393,247003,235,3,0.005168,6250,:208-216:272-280:336-344:360-368:392-400:416-424:432-440:448-456:472-480:512-520:592-600:640-648:688-696:720-728,379,428
OMS,378,409,361,388,25001,7,1,0.000471,6250,:112-120:128-152:184-192:200-208:256-272:288-304:312-328:336-360:368-392:448-464:480-488:536-544:584-592:600-608:616-632:640-656:680-696:704-712,378,409
OMS,375,797,361,494,20001,1,1,0.000541,6250,:136-152:304-320:360-368:376-384:392-400:408-416:432-440:552-568:632-640:672-680:688-696,375,797
OMS,384,515,371,452,315005,272,5,0.003349,6250,:104-216:224-240:248-256:264-280:320-344:352-376:384-408:416-472:480-512:536-584:600-608:616-624:632-648:656-664:696-704:712-720,384,515
OMS,385,389,371,377,33001,17,1,0.000541,6250,:96-216:224-280:288-304:312-336:392-416:432-440:456-464:472-480:488-680:696-736,385,389
OMS,392,513,377,452,305005,258,5,0.001997,6250,:96-120:128-144:152-160:176-224:232-272:280-320:328-344:352-400:424-488:496-520:528-576:584-592:600-608:616-624:720-728,392,513
OMS,398,406,384,388,256004,222,4,0.002637,6250,:96-104:152-168:192-208:216-232:240-256:264-280:368-376:384-408:424-432:480-488:504-512:552-568:576-584:600-608:640-648:664-672:680-688:696-704,398,406
OMS,410,427,388,393,261003,253,3,0.003362,6250,:96-120:128-160:168-176:184-192:208-240:248-256:280-304:320-352:360-384:400-416:424-480:488-496:504-528:536-552:560-592:608-640:648-680:696-728,410,427
OMS,408,780,388,488,20001,1,1,0.000465,6250,:152-160:184-208:232-256:272-304:368-376:456-464:600-616:648-656,408,780
OMS,400,412,388,391,320005,277,5,0.002951,6250,:96-192:200-208:224-256:272-280:304-312:336-376:384-392:400-456:464-472:480-512:520-528:536-544,400,412
OMS,402,434,388,403,258004,225,4,0.002399,6250,:120-128:136-144:152-160:168-176:232-240:256-264:312-320:640-648,402,434
OMS,414,423,391,393,26001,8,1,0.000541,6250,:168-176:192-200:216-304:320-328:336-416:424-456:464-480:488-552:560-576:584-592:600-608:616-664:688-696:704-712:720-728,414,423
OMS,441,213,403,861,456007,398,7,0.004725,6250,:96-168:176-288:296-448:456-592:600-664:672-696:704-736,213,441
OMS,439,690,403,478,20001,1,1,0.000471,6250,:96-104:368-376:392-400:496-504:528-536:584-592:608-616:632-640:648-656:672-680:688-704,439,690
OMS,435,444,403,412,356005,322,5,0.004326,6250,:112-136:160-176:192-224:256-264:272-280:288-304:312-336:376-384:408-416:440-464:488-504:512-520:544-552:656-664,435,444
OMS,447,452,412,416,267004,236,4,0.002946,6250,:96-104:120-128:136-160:184-192:208-216:264-288:304-320:368-376:480-488:544-576:600-608:696-704,447,452
OMS,459,250,416,647,398006,352,6,0.006205,6250,:104-112:120-160:176-200:208-216:224-232:240-304:312-360:376-400:408-472:504-512:528-544:552-560:576-608:624-632:640-648:656-688:696-720,250,459
OMS,458,492,416,431,256004,223,4,0.004015,6250,:136-144:176-184:192-200:216-224:232-240:248-256:280-296:312-320:344-368:376-400:408-432:448-464:496-512:528-536:560-568:576-584:592-608:624-632:640-656:664-672:680-688:696-704:712-720,458,492
OMS,456,764,416,486,20001,1,1,0.000541,6250,:104-112:120-128:136-160:184-192:224-232:248-256:264-280:304-312:336-352:400-408:416-424:464-488:504-536:560-576:608-616:632-656:664-672:704-720,456,764
OMS,455,462,416,421,135002,120,2,0.00154,6250,:96-104:384-392:544-552:600-608:656-664,455,462
OMS,470,616,421,464,20001,1,1,0.000471,6250,:96-112:160-176:224-232:248-256:312-320:328-336:376-392:408-416:472-512:528-536:544-552:608-616:624-640:688-704,470,616
OMS,463,471,421,423,45001,32,1,0.000541,6250,:96-112:128-136:152-176:192-200:208-216:224-232:240-256:312-336:344-352:376-392:408-416:440-448:480-496:504-512:544-552:560-568:600-608:624-640:656-664:696-704,463,471
OMS,477,620,423,467,20001,1,1,0.000471,6250,:96-112:120-200:216-232:240-256:264-272:280-320:328-368:376-384:392-480:504-512:520-528:536-560:568-576:584-640:648-672:680-688:696-736,477,620
OMS,472,478,423,431,375005,346,5,0.00871,6250,:96-104:112-160:184-192:200-208:216-224:256-264:272-312:320-344:352-376:384-408:424-448:472-488:560-568:672-680:688-696:704-712,472,478
OMS,490,511,431,446,188003,162,3,0.00263,6250,:96-104:144-152:160-168:200-208:216-248:256-272:280-312:336-344:360-440:456-464:480-512:520-528:544-592:608-640:656-736,490,511
OMS,486,502,431,442,200003,177,3,0.001947,6250,:104-152:160-176:184-208:240-248:336-352:376-392:400-408:432-448:464-488:496-520:536-544:560-568:592-600:616-632:672-680,486,502
OMS,482,494,431,436,276004,247,4,0.003704,6250,:112-120:176-184:200-208:280-288:304-312:336-344:376-384:408-416:448-456:480-488:576-584:592-600:608-616:624-632:656-664,482,494
OMS,499,508,442,446,26001,8,1,0.000541,6250,:96-104:160-168:240-248:328-336:360-368:432-440:456-464:568-576:664-672:680-688:696-704:720-728,499,508
OMS,498,512,442,452,374005,345,5,0.004308,6250,:96-120:128-144:152-160:176-224:232-272:280-320:328-344:352-400:424-488:496-520:528-576:584-592:600-608:616-624:720-728,498,512
OMS,506,514,446,452,361005,328,5,0.003585,6250,:104-216:224-240:248-256:264-280:320-344:352-376:384-408:416-472:480-512:536-584:600-608:616-624:632-648:656-664:696-704:712-720,506,514
OMS,615,607,464,1040,288004,262,4,0.007146,6250,:96-120:200-208:216-232:240-256:288-296:312-336:360-368:384-400:408-416:424-432:440-448:456-464:472-504:520-528:536-552:584-592:600-608:624-640:696-704:720-728,607,615
OMS,610,618,464,467,39001,24,1,0.000541,6250,:96-112:128-208:216-240:248-272:288-320:328-344:368-384:392-400:408-480:488-504:512-528:536-624:632-640:648-696:704-728,610,618
OMS,609,761,464,486,178003,149,3,0.001473,6250,:96-392:400-456:464-536:544-624:632-736,609,761
OMS,617,762,467,486,120002,102,2,0.002768,6250,:136-144:376-384:416-424:472-480:504-512:632-640:704-712:728-736,617,762
OMS,679,719,469,480,262004,229,4,0.003404,6250,:112-128:136-144:152-168:176-184:192-208:216-224:240-256:264-272:280-288:296-304:312-320:344-352:360-368:384-392:408-440:456-488:496-592:608-616:672-688:720-728,679,719
OMS,676,731,469,773,425006,385,6,0.003205,6250,:96-120:136-144:152-168:176-192:232-256:264-280:288-312:320-360:376-384:392-400:408-416:432-440:456-464:480-488:504-536:544-552:560-592:600-608:616-624:632-648:656-664:672-680:720-736,676,731
OMS,671,844,469,638,280004,253,4,0.002967,6250,:192-200:240-248:288-296:304-312:336-344:384-392:400-408:432-440:464-472:480-488:496-504:528-536:560-568:576-584:672-680:688-696:704-712,671,844
OMS,670,846,469,694,280004,253,4,0.002967,6250,:144-176:256-264:272-280:344-352:360-376:384-392:488-496:528-536:608-616:640-648:672-680:688-696:720-728,670,846
OMS,672,863,469,594,295004,271,4,0.003874,6250,:96-104:128-136:144-168:192-200:208-216:232-240:264-272:288-304:344-360:384-392:400-408:424-448:480-488:496-520:544-552:560-568:608-632:688-696:704-712:720-736,672,863
OMS,673,861,469,593,295004,271,4,0.003874,6250,:96-104:112-120:136-144:176-184:240-248:272-280:288-296:304-312:320-328:336-344:352-360:376-400:416-424:448-456:464-472:496-504:512-536:552-568:576-584:592-600:640-648:656-664:672-680:696-712,673,861
OMS,692,211,478,861,464007,408,7,0.007319,6250,:96-112:136-160:192-200:208-240:264-280:288-304:336-344:360-376:384-464:480-488:504-528:536-544:592-600:616-632:656-672:680-688,211,692
OMS,689,777,478,488,254004,220,4,0.003332,6250,:160-168:184-192:240-248:256-264:416-424:448-456:600-608:632-648:672-680:720-736,689,777
OMS,686,856,478,563,354005,321,5,0.008048,6250,:128-152:192-240:256-280:288-328:336-344:360-376:384-392:400-408:416-440:448-456:464-520:528-536:552-600:608-616:632-648:656-664:672-680:688-696:704-736,686,856
OMS,687,602,478,1040,436006,397,6,0.006043,6250,:112-120:128-144:168-176:184-192:304-320:360-368:408-416:424-448:528-536:552-560:696-704,602,687
OMS,725,260,480,749,422006,380,6,0.003258,6250,:96-112:128-160:200-208:240-256:264-272:280-288:328-336:376-392:400-408:416-440:448-456:480-528:536-544:552-560:568-576:584-608:616-624:632-656:672-688:696-736,260,725
OMS,715,851,480,545,255004,220,4,0.002446,6250,:128-136:312-320:328-336:392-400:408-416:424-448:472-480:504-512:520-528:560-568:584-592:648-656:672-688:696-704:720-728,715,851
OMS,714,849,480,544,259004,226,4,0.003639,6250,:112-128:136-168:176-200:216-224:240-248:256-272:280-288:296-320:328-336:344-376:384-408:416-440:456-472:480-488:496-520:536-544:576-584:600-608:632-640:648-704:712-720,714,849
OMS,716,853,480,546,255004,220,4,0.002446,6250,:136-144:272-280:288-296:464-472:488-496:520-528:552-560:608-616:640-656:664-680:688-696:712-720,716,853
OMS,748,759,482,484,165002,157,2,0.002242,6250,:112-144:184-192:208-224:248-256:264-272:280-288:320-344:360-368:376-384:400-432:448-456:512-528:536-544:576-592:632-664:680-688:696-736,748,759
OMS,740,794,482,494,397005,374,5,0.00812,6250,:96-112:120-224:232-248:256-320:352-376:384-400:408-512:520-528:560-568:584-624:640-648:664-680:688-696:704-728,740,794
OMS,742,854,482,546,236003,221,3,0.003212,6250,:136-144:272-280:288-296:464-472:488-496:520-528:552-560:608-616:640-656:664-680:688-696:712-720,742,854
OMS,744,850,482,544,246003,233,3,0.005297,6250,:112-128:136-168:176-200:216-224:240-248:256-272:280-288:296-320:328-336:344-376:384-408:416-440:456-472:480-488:496-520:536-544:576-584:600-608:632-640:648-704:712-720,744,850
OMS,745,852,482,545,236003,221,3,0.003212,6250,:128-136:312-320:328-336:392-400:408-416:424-448:472-480:504-512:520-528:560-568:584-592:648-656:672-688:696-704:720-728,745,852
OMS,758,823,484,502,72001,65,1,0.001212,6250,:104-128:136-144:200-208:216-224:232-240:248-256:312-320:360-368:440-456:472-488,758,823
OMS,750,805,484,499,142002,129,2,0.001908,6250,:104-232:240-288:296-328:336-368:384-392:400-448:456-496:504-592:600-616:624-632:640-672:688-712:720-736,750,805
OMS,760,855,486,563,267004,236,4,0.003607,6250,:128-152:192-240:256-280:288-328:336-344:360-376:384-392:400-408:416-440:448-456:464-520:528-536:552-600:608-616:632-648:656-664:672-680:688-696:704-736,760,855
OMS,775,862,488,593,223003,206,3,0.00363,6250,:96-104:112-120:136-144:176-184:240-248:272-280:288-296:304-312:320-328:336-344:352-360:376-400:416-424:448-456:464-472:496-504:512-536:552-568:576-584:592-600:640-648:656-664:672-680:696-712,775,862
OMS,774,864,488,594,223003,206,3,0.00363,6250,:96-104:128-136:144-168:192-200:208-216:232-240:264-272:288-304:344-360:384-392:400-408:424-448:480-488:496-520:544-552:560-568:608-632:688-696:704-712:720-736,774,864
OMS,769,857,488,578,260004,227,4,0.003332,6250,:96-104:112-152:160-168:176-232:240-248:256-280:288-312:320-328:336-344:352-408:416-440:448-472:480-488:496-552:584-592:600-616:632-648:664-672:688-728,769,857
OMS,768,859,488,579,260004,227,4,0.003332,6250,:104-120:152-184:192-200:208-456:472-520:528-576:584-600:608-632:640-664:688-736,768,859
OMS,770,803,488,497,26001,8,1,0.000777,6250,:96-328:344-352:360-368:376-424:440-448:456-544:552-568:576-624:632-672:696-728,770,803
OMS,771,793,488,494,25001,7,1,0.000777,6250,:104-128:152-176:184-192:208-216:256-272:280-288:304-312:320-328:344-368:376-384:400-408:416-424:432-488:496-504:512-520:528-536:544-552:576-584:592-600:616-632:640-648:664-688:696-728,771,793
OMS,790,820,492,502,31001,14,1,0.000471,6250,:112-120:128-200:208-232:248-256:264-272:312-320:360-368:416-424:440-448:456-464:472-488:528-552:576-584:600-608:632-640:648-672:688-736,790,820
OMS,784,858,492,578,299005,252,5,0.002473,6250,:96-104:112-152:160-168:176-232:240-248:256-280:288-312:320-328:336-344:352-408:416-440:448-472:480-488:496-552:584-592:600-616:632-648:664-672:688-728,784,858
OMS,783,860,492,579,299005,252,5,0.002473,6250,:104-120:152-184:192-200:208-456:472-520:528-576:584-600:608-632:640-664:688-736,783,860
OMS,786,827,492,503,40001,26,1,0.000541,6250,:96-104:112-152:160-328:336-488:496-592:600-648:664-672:680-736,786,827
OMS,787,809,492,499,26001,8,1,0.000541,6250,:96-120:128-136:176-184:216-232:240-248:256-264:288-312:320-344:352-384:392-408:416-440:448-456:488-520:528-536:584-592:608-616:648-656:672-704:712-736,787,809
OMS,796,804,494,497,42001,28,1,0.000577,6250,:96-320:336-416:424-440:456-512:520-528:536-712,796,804
OMS,807,816,499,502,29001,12,1,0.000628,6250,:112-120:136-152:208-216:232-240:272-280:304-312:328-344:352-360:376-384:392-400:408-416:440-448:456-464:496-512:520-528:536-544:560-568:576-584:624-632:648-656:672-680:696-712,807,816
OMS,808,825,499,503,33001,17,1,0.000628,6250,:112-120:128-136:144-152:176-184:224-232:248-256:296-312:320-336:344-368:392-408:416-424:432-440:488-496:504-512:528-536:552-560:568-576:584-592:640-656:672-696,808,825
OMS,824,830,502,503,35001,19,1,0.000504,6250,:104-144:152-264:272-392:400-488:528-552:560-568:576-600:712-720,824,830
OMS,843,661,638,1002,240003,226,3,0.009752,6250,:192-200:240-248:288-296:304-312:336-344:384-392:400-408:432-440:464-472:480-488:496-504:528-536:560-568:576-584:672-680:688-696:704-712,661,843
OMS,251,200,647,704,339005,301,5,0.003825,6250,:104-112:120-160:176-200:208-216:224-232:240-304:312-360:376-400:408-472:504-512:528-544:552-560:576-608:624-632:640-648:656-688:696-720,200,251
OMS,185,116,667,768,278004,250,4,0.003323,6250,:96-112:120-152:168-176:200-208:224-280:288-296:304-328:352-360:368-432:440-504:512-520:536-552:576-584:600-648:656-736,116,185
OMS,184,201,667,704,292004,266,4,0.004947,6250,:96-112:120-152:168-176:200-208:224-280:288-296:304-328:352-360:368-432:440-504:512-520:536-552:576-584:600-648:656-736,184,201
OMS,223,234,675,778,65001,57,1,0.001001,6250,:104-112:120-152:208-216:264-272:280-296:304-312:320-352:360-368:392-440:456-472:480-488:496-552:576-584:592-616:624-632:680-712:720-736,223,234
OMS,222,82,675,866,385005,357,5,0.008779,6250,:104-112:120-152:168-176:208-216:264-272:280-296:304-312:320-352:360-368:392-448:456-472:480-552:576-616:624-632:680-736,82,222
OMS,230,646,681,849,132002,115,2,0.00193,6250,:96-320:328-360:376-392:400-416:424-456:472-488:496-504:520-544:552-560:568-576:592-600:624-632:640-664:688-704:712-736,230,646
OMS,229,197,681,701,20001,1,1,0.000411,6250,:112-128:136-160:168-176:208-216:224-248:256-272:280-288:296-304:312-344:352-376:384-392:408-416:424-464:488-512:520-544:560-600:624-640:648-664:672-736,197,229
OMS,228,657,681,842,147002,134,2,0.00136,6250,:104-160:176-192:208-216:224-232:240-296:304-312:320-344:352-416:424-488:496-520:528-544:552-568:576-584:592-600:616-664:672-704:712-728,228,657
OMS,169,653,685,842,144002,131,2,0.003625,6250,:96-112:120-128:160-168:184-224:240-248:256-280:288-336:344-400:408-488:496-520:528-672:680-704:720-736,169,653
OMS,168,149,685,932,416006,372,6,0.007768,6250,:96-112:120-128:160-168:184-224:240-248:256-280:288-336:344-400:408-488:496-520:528-672:680-704:720-736,149,168
OMS,845,660,694,1002,240003,226,3,0.009752,6250,:144-176:256-264:272-280:344-352:360-376:384-392:488-496:528-536:608-616:640-648:672-680:688-696:720-728,660,845
OMS,226,107,700,933,235004,195,4,0.003683,6250,:96-648:656-664:672-736,107,226
OMS,224,10,700,979,68001,60,1,0.001329,6250,:96-104:136-152:200-208:216-224:232-240:256-264:288-296:312-320:328-336:344-352:360-376:392-408:416-424:440-456:464-488:504-512:560-568:640-664:688-704:728-736,10,224
OMS,225,526,700,873,20001,1,1,0.000411,6250,:96-104:136-152:200-208:216-224:264-272:312-320:328-336:360-376:384-400:424-432:440-448:464-472:504-512:560-568:664-672:696-704:728-736,225,526
OMS,199,11,701,979,36001,20,1,0.000411,6250,:112-128:136-168:192-232:240-248:256-264:280-288:296-304:320-328:336-376:408-416:432-448:456-464:488-512:520-528:544-552:560-568:584-592:696-712,11,199
OMS,198,38,701,918,88001,85,1,0.003145,6250,:104-160:168-192:208-216:224-232:240-288:304-312:320-344:360-400:408-472:488-496:504-520:552-560:568-600:632-640:648-712:728-736,38,198
OMS,207,869,704,971,20001,1,1,0.000388,6250,:96-408:416-864,207,869
OMS,202,739,704,773,20001,1,1,0.000411,6250,:104-112:128-144:160-168:184-200:224-232:248-280:288-296:304-312:320-336:344-400:408-432:440-448:456-472:496-512:520-528:536-544:560-568:592-608:624-632:648-664:680-688:696-712,202,739
OMS,203,267,704,916,338005,301,5,0.003481,6250,:96-112:120-152:160-176:200-312:320-328:336-448:456-568:576-592:600-616:624-640:648-728,203,267
OMS,204,599,704,827,62001,53,1,0.000655,6250,:104-120:128-144:168-176:184-192:200-216:224-240:248-280:288-304:312-336:352-368:376-408:416-448:456-488:512-536:552-568:584-616:632-640:648-664:688-704:720-728,204,599
OMS,259,658,749,842,394005,369,5,0.002208,6250,:96-112:128-160:200-208:240-256:264-272:280-288:328-336:376-392:400-408:416-440:448-456:480-528:536-544:552-560:568-576:584-608:616-624:632-656:672-688:696-736,259,658
OMS,838,603,757,1040,220003,201,3,0.004598,6250,:96-104:136-144:176-200:208-216:232-240:288-296:400-408:448-464:472-488:496-504:544-552:688-696,603,838
OMS,837,591,757,827,235004,196,4,0.005177,6250,:96-104:136-144:176-200:208-216:232-240:288-296:400-408:448-464:472-488:496-504:544-552:688-696,591,837
OMS,566,577,760,941,268004,238,4,0.003346,6250,:96-112:128-208:216-264:272-336:344-408:416-568:576-704:712-736,566,577
OMS,564,13,760,940,20001,1,1,0.000471,6250,:96-104:144-168:192-200:232-240:248-256:280-288:312-320:344-352:360-368:376-392:416-424:432-448:480-488:504-520:536-544:552-568:576-592:616-624:632-640:720-740,13,564
OMS,563,626,760,888,240004,202,4,0.003549,6250,:96-104:120-128:136-144:160-168:184-200:232-240:256-264:272-296:304-328:352-368:384-392:400-408:432-448:464-472:480-488:560-568:600-608:632-640,563,626
OMS,560,528,760,809,223003,206,3,0.007448,6250,:104-120:128-144:176-184:192-216:264-272:304-312:352-360:368-392:408-432:456-464:472-480:504-520:528-536:544-552:592-600:624-632:640-648:656-664:688-696:704-720,528,560
OMS,117,108,768,933,289004,263,4,0.005216,6250,:96-136:144-216:224-272:280-352:360-368:376-424:432-648:656-728,108,117
OMS,115,706,768,1005,20001,1,1,0.000411,6250,:120-128:136-144:296-304:312-320:368-376:408-416:664-672:680-696,115,706
OMS,110,55,768,953,160002,152,2,0.002809,6250,:96-104:112-120:128-136:144-160:176-184:192-320:328-336:344-376:416-440:448-464:472-512:520-528:536-544:552-568:576-584:592-600:608-616:624-632:640-648:656-664:672-680:688-704:720-728,55,110
OMS,113,142,768,932,262003,255,3,0.006066,6250,:112-136:144-152:160-192:208-216:224-264:280-304:312-320:328-336:360-368:408-424:432-440:448-456:464-488:496-504:536-544:552-568:584-600:608-616:632-704:712-728,113,142
OMS,738,78,773,866,63001,54,1,0.00063,6250,:104-112:120-128:136-168:192-200:208-216:224-240:280-288:296-304:312-320:336-352:360-368:376-408:456-472:504-512:536-544:576-592:600-608:624-632:672-688:696-704:712-720,78,738
OMS,734,594,773,827,64001,55,1,0.000692,6250,:96-136:144-168:176-192:216-224:240-248:264-280:296-344:352-360:392-408:416-424:432-440:472-488:496-520:528-536:568-576:592-600:624-664:672-688:696-704:720-736,594,734
OMS,728,866,773,1036,372005,343,5,0.006555,6250,:104-112:128-136:144-152:192-200:208-216:248-256:368-376:504-512:688-696,728,866
OMS,162,150,774,932,226003,210,3,0.005706,6250,:96-104:112-152:192-208:216-232:256-272:288-296:312-320:328-336:344-376:392-400:408-464:472-528:552-608:616-640:648-672:680-696:704-728,150,162
OMS,261,669,776,1002,228003,212,3,0.00182,6250,:96-112:120-136:160-168:184-200:224-232:248-264:272-280:288-296:336-368:408-416:448-464:472-488:504-512:536-544:568-576:600-608:624-656:680-688:704-712,261,669
OMS,233,59,778,953,157002,147,2,0.003133,6250,:96-272:280-352:360-432:440-488:496-536:544-616:632-680:688-704:712-728,59,233
OMS,231,73,778,992,145002,133,2,0.00267,6250,:104-112:120-152:208-216:264-272:280-296:304-312:320-344:352-368:392-440:456-472:480-488:496-536:544-552:576-584:592-616:680-712:720-728,73,231
OMS,556,527,787,809,32001,15,1,0.000541,6250,:96-104:112-168:176-192:200-216:232-288:296-328:336-352:360-368:376-408:416-464:480-488:496-528:536-544:560-568:576-600:616-640:648-656:696-704:720-736,527,556
OMS,555,545,787,958,32001,15,1,0.000541,6250,:96-128:136-216:240-312:320-328:336-344:360-384:392-464:472-488:496-536:552-568:584-592:616-632:672-688:696-704:712-720:728-736,545,555
OMS,164,151,801,932,226003,210,3,0.005706,6250,:96-152:160-192:200-224:232-240:248-256:264-288:296-320:328-352:360-384:408-448:464-480:496-536:544-584:592-608:616-648:656-672:680-704:728-736,151,164
OMS,121,632,806,888,214003,193,3,0.002596,6250,:96-112:120-128:136-144:152-176:192-208:216-224:240-248:264-320:336-368:384-408:448-464:472-488:496-520:544-568:576-584:608-616:640-648:656-664:672-680:688-704,121,632
OMS,539,37,809,918,20001,1,1,0.000471,6250,:104-128:136-152:160-168:224-264:272-288:296-344:352-384:392-448:456-536:552-568:576-600:624-664:672-728,37,539
OMS,538,522,809,873,47001,34,1,0.000668,6250,:96-112:136-152:176-184:200-208:216-232:264-280:304-320:352-360:368-408:424-432:456-472:480-488:504-512:560-568:616-624,522,538
OMS,534,547,809,958,28001,10,1,0.000541,6250,:96-104:224-232:592-600:640-648:696-704,534,547
OMS,532,554,809,967,60001,50,1,0.001408,6250,:104-160:176-240:256-288:304-328:336-424:432-464:472-488:496-536:544-616:624-736,532,554
OMS,159,652,810,842,144002,131,2,0.003625,6250,:104-112:128-152:168-184:192-216:224-232:240-296:304-312:320-352:360-416:424-448:456-496:504-536:544-592:600-608:616-624:632-640:648-688:696-704:728-736,159,652
OMS,158,146,810,932,416006,372,6,0.007768,6250,:104-112:128-152:168-184:192-216:224-232:240-296:304-312:320-352:360-416:424-448:456-496:504-536:544-592:600-608:616-624:632-640:648-688:696-704:728-736,146,158
OMS,831,581,813,986,335004,321,4,0.008075,6250,:104-120:152-160:208-232:240-248:264-280:384-392:400-416:432-440:448-456:464-472:488-496:512-520:536-544:584-592:648-672:688-696:704-712:728-736,581,831
OMS,598,80,827,866,20001,1,1,0.000471,6250,:112-128:160-168:192-240:248-256:272-288:296-304:312-320:328-352:360-368:376-392:408-416:424-432:440-448:456-480:504-512:536-552:576-592:600-608:632-640:656-664:672-680:712-720,80,598
OMS,597,83,827,1111,280004,252,4,0.006914,6250,:104-128:144-160:168-176:192-240:248-256:264-272:280-288:296-304:312-320:360-368:376-384:392-400:408-416:424-432:440-464:472-480:520-528:536-544:552-568:576-592:600-608:632-640:656-720,83,597
OMS,590,835,827,893,235004,196,4,0.005003,6250,:112-120:128-152:160-168:216-232:240-248:296-304:312-320:352-360:368-376:384-392:400-416:424-432:464-472:552-568:608-616:624-632:648-664:688-696,590,835
OMS,127,605,838,1040,217003,198,3,0.004641,6250,:96-128:136-160:168-192:200-208:216-224:240-256:264-296:304-352:360-368:392-448:456-496:504-552:568-608:624-672:680-688:696-736,127,605
OMS,126,76,838,866,235004,195,4,0.005255,6250,:96-128:136-160:168-192:200-208:216-224:240-256:264-296:304-352:360-368:392-448:456-496:504-552:568-608:624-672:680-688:696-736,76,126
OMS,659,249,842,882,253004,218,4,0.001865,6250,:96-112:128-136:144-208:216-224:232-264:272-280:288-320:328-336:344-408:416-592:600-624:632-688:696-712:720-728,249,659
OMS,656,643,842,849,34001,18,1,0.000471,6250,:96-104:144-152:176-184:200-216:240-248:256-272:280-288:312-320:328-336:344-352:360-368:376-392:400-408:440-448:472-480:504-512:520-528:552-576:632-656:680-696:712-736,643,656
OMS,648,840,842,931,145002,132,2,0.003556,6250,:104-112:120-136:144-168:184-208:232-240:264-288:304-312:320-328:344-368:376-384:400-432:440-448:464-472:480-488:504-512:520-536:560-568:576-584:592-600:608-624:640-648:656-664:672-696:704-720:728-736,648,840
OMS,647,842,842,899,145002,132,2,0.003556,6250,:96-104:112-120:128-136:144-160:192-200:208-232:248-320:336-352:360-376:384-392:416-432:448-464:488-520:528-536:560-576:584-592:608-616:624-632:672-680:704-712:720-728,647,842
OMS,644,5,849,979,93001,92,1,0.00259,6250,:96-104:128-136:144-160:176-184:192-248:256-304:312-392:400-408:416-448:456-464:480-496:504-528:552-576:584-600:616-740,5,644
OMS,634,622,849,888,93001,92,1,0.002623,6250,:176-184:192-200:280-288:464-472:480-488:544-552:576-584:608-616:640-656:688-696,622,634
OMS,635,550,849,958,243003,230,3,0.004109,6250,:96-104:112-120:128-168:176-192:200-248:256-264:280-312:320-352:368-384:392-416:424-440:456-472:480-488:512-528:584-592:640-656:704-712:720-728,550,635
OMS,212,608,861,1040,32001,15,1,0.000838,6250,:96-176:184-192:200-208:216-288:296-328:336-416:424-448:456-488:496-560:568-576:584-688:696-736,212,608
OMS,81,97,866,1115,280004,252,4,0.006854,6250,:104-128:136-152:160-400:408-496:504-576:584-608:616-664:672-680:688-696:704-736,81,97
OMS,75,125,866,952,280004,252,4,0.006854,6250,:96-112:120-128:136-144:152-208:216-224:232-264:272-288:296-344:352-400:408-448:456-544:552-736,75,125
OMS,77,99,866,1139,235004,195,4,0.004951,6250,:96-104:120-136:160-176:192-240:248-264:272-288:296-344:352-480:488-624:632-648:656-736,77,99
OMS,525,36,873,918,47001,34,1,0.000709,6250,:96-104:136-152:200-208:224-232:264-272:328-336:352-376:384-400:408-416:424-432:440-448:456-472:504-512:560-568:664-672:696-704:728-736,36,525
OMS,524,41,873,887,64001,55,1,0.001526,6250,:96-112:136-144:160-168:200-208:216-232:248-256:264-280:304-320:328-336:352-416:424-432:440-448:456-488:504-512:552-568:664-672:696-704:728-736,41,524
OMS,517,542,873,958,64001,55,1,0.00167,6250,:96-112:136-152:160-168:200-208:216-232:248-256:264-280:312-320:328-336:352-368:384-392:400-416:424-432:440-448:456-464:480-488:552-560:616-624:664-672:696-704:728-740,517,542
OMS,247,22,882,940,32001,16,1,0.000411,6250,:96-112:128-136:152-208:216-264:272-280:288-320:328-336:344-408:416-488:496-512:520-576:584-592:600-624:632-688:696-712:720-728,22,247
OMS,166,148,883,932,226003,210,3,0.005706,6250,:104-128:136-160:176-200:208-216:224-232:240-248:256-312:320-336:344-360:368-432:440-504:512-520:528-544:552-584:592-600:648-680:688-704:712-720:728-736,148,166
OMS,44,552,887,958,20001,1,1,0.000411,6250,:96-112:128-136:144-152:160-168:192-208:216-232:240-248:264-368:376-416:424-448:456-464:472-488:504-520:528-568:584-640:648-656:672-704:712-740,44,552
OMS,43,9,887,979,87001,84,1,0.002809,6250,:96-136:144-496:504-520:528-568:584-624:632-740,9,43
OMS,629,122,888,1124,271004,240,4,0.004334,6250,:104-144:152-208:216-240:248-256:264-296:304-376:384-424:432-472:480-488:504-528:536-544:576-584:608-616:640-648:656-664:672-680:688-712:728-736,122,629
OMS,627,3,888,979,1,1,1,0.000471,6250,:96-112:128-160:176-200:208-224:232-248:256-272:280-296:304-320:328-336:344-352:360-368:376-408:456-472:480-488:512-520:544-552:560-584:608-616:640-648:672-704:728-736,3,627
OMS,624,548,888,958,87001,84,1,0.003005,6250,:120-128:136-144:184-216:224-232:248-256:280-304:344-352:408-416:424-432:488-496:504-512:552-560:616-632:688-696,548,624
OMS,836,604,893,1040,220003,201,3,0.004598,6250,:112-120:128-152:160-168:216-232:240-248:296-304:312-320:352-360:368-376:384-392:400-416:424-432:464-472:552-568:608-616:624-632:648-664:688-696,604,836
OMS,841,667,899,1002,419006,375,6,0.007697,6250,:96-104:112-120:128-136:144-160:192-200:208-232:248-320:336-352:360-376:384-392:416-432:448-464:488-520:528-536:560-576:584-592:608-616:624-632:672-680:704-712:720-728,667,841
OMS,833,582,909,986,335004,321,4,0.008075,6250,:96-104:128-136:184-192:280-288:320-328:352-368:384-392:400-408:440-448:456-472:480-488:504-512:544-552:600-616:648-656:680-688:712-720,582,833
OMS,104,105,911,933,24001,5,1,0.000411,6250,:96-136:144-216:224-272:280-352:360-368:376-424:432-456:464-592:600-640:664-680:688-696:704-728:736-740,104,105
OMS,103,20,911,940,68001,60,1,0.001587,6250,:104-120:144-176:184-216:224-272:280-288:296-336:344-352:360-368:376-424:432-456:464-488:504-544:552-592:600-616:632-640:672-688:720-740,20,103
OMS,34,18,918,940,221003,204,3,0.007318,6250,:96-128:136-152:160-176:200-216:224-344:352-384:392-448:456-528:544-568:584-712:720-736,18,34
OMS,848,709,927,988,308004,288,4,0.00588,6250,:120-136:144-152:160-168:184-192:216-232:272-288:296-304:328-336:344-360:368-376:416-424:464-472:536-552:560-576:608-616:648-688:720-728,709,848
OMS,847,662,927,1002,225003,207,3,0.003034,6250,:120-136:144-152:160-168:184-192:216-232:272-288:296-304:328-336:344-360:368-376:416-424:464-472:536-552:560-576:608-616:648-688:720-728,662,847
OMS,839,664,931,1002,419006,375,6,0.007697,6250,:104-112:120-136:144-168:184-208:232-240:264-288:304-312:320-328:344-368:376-384:400-432:440-448:464-472:480-488:504-512:520-536:560-568:576-584:592-600:608-624:640-648:656-664:672-696:704-720:728-736,664,839
OMS,147,160,932,1127,226003,210,3,0.005345,6250,:136-144:160-176:192-200:208-224:240-248:256-272:280-288:304-368:376-384:392-400:424-448:472-480:504-520:528-544:552-576:584-592:608-640:648-704:712-720:728-736,147,160
OMS,141,668,932,1002,20001,1,1,0.000411,6250,:120-128:144-152:176-192:216-224:264-272:336-344:352-360:376-384:424-432:472-480:488-496:520-528:552-576:664-672:688-696,141,668
OMS,144,154,932,1098,225003,208,3,0.003426,6250,:104-136:144-152:160-192:200-216:224-264:280-344:360-368:376-424:432-592:600-624:632-688:696-712:720-736,144,154
OMS,145,156,932,1118,225003,208,3,0.003426,6250,:96-568:576-616:632-736,145,156
OMS,106,19,933,940,118002,99,2,0.001648,6250,:96-640:664-680:688-736,19,106
OMS,21,58,940,953,168002,161,2,0.005459,6250,:112-120:224-232:408-416:480-488:608-616:720-728,21,58
OMS,12,2,940,979,240004,202,4,0.003489,6250,:96-248:256-272:280-304:328-352:376-392:400-432:480-496:520-544:568-584:592-600:608-632:640-680:688-696:704-712:720-736,2,12
OMS,578,588,941,986,22001,3,1,0.000471,6250,:96-136:160-168:176-184:192-200:208-232:240-280:288-296:312-336:344-384:392-464:472-488:512-544:552-568:576-584:592-640:656-696:712-720:728-736,578,588
OMS,575,57,941,953,20001,1,1,0.000471,6250,:160-168:184-192:208-216:256-264:360-368:392-400:416-424:432-440:488-496:504-512:520-528:568-584:608-616:680-704:720-736,57,575
OMS,570,700,941,1005,161002,153,2,0.002537,6250,:112-152:160-192:208-224:240-248:272-296:304-312:360-392:408-432:440-448:456-504:512-528:544-552:560-568:600-624:640-648:672-680:712-728,570,700
OMS,124,68,952,992,334004,320,4,0.008226,6250,:96-112:120-128:136-144:152-208:216-224:232-264:272-288:296-344:352-400:408-448:456-544:552-736,68,124
OMS,54,69,953,992,116001,120,1,0.000431,6250,:112-120:144-152:216-224:232-264:272-288:296-304:320-328:336-344:352-368:376-384:392-400:424-448:464-528:536-544:552-560:584-664:672-688:696-704:712-728,54,69
OMS,544,553,958,967,60001,50,1,0.001594,6250,:96-112:120-168:176-304:312-360:368-384:392-456:464-520:528-536:544-552:560-568:592-664:672-688:696-736,544,553
OMS,589,74,986,992,20001,1,1,0.000236,6250,:96-736,74,589
OMS,587,84,986,1111,334004,320,4,0.007982,6250,:104-128:144-160:168-176:192-240:248-256:264-272:280-288:296-304:312-320:360-368:376-384:392-400:408-416:424-432:440-464:472-480:520-528:536-544:552-568:576-592:600-608:632-640:656-720,84,587
OMS,580,697,986,1005,150002,139,2,0.002009,6250,:96-104:112-120:128-144:160-168:264-272:328-336:360-368:424-456:528-536:656-664,580,697
OMS,711,157,988,1118,306004,286,4,0.006683,6250,:96-568:576-616:632-736,157,711
OMS,710,155,988,1098,306004,286,4,0.006683,6250,:104-136:144-152:160-192:200-216:224-264:280-344:360-368:376-424:432-592:600-624:632-688:696-712:720-736,155,710
OMS,67,705,992,1005,149002,137,2,0.001918,6250,:104-128:136-144:160-200:216-224:240-256:288-304:320-328:336-344:360-376:392-408:416-424:432-440:448-456:472-480:504-520:528-536:544-568:576-592:632-640:648-664:672-680:688-696:712-720,67,705
OMS,71,98,992,1115,334004,320,4,0.007922,6250,:104-128:136-152:160-400:408-496:504-576:584-608:616-664:672-680:688-696:704-736,71,98
OMS,666,703,1002,1005,262003,255,3,0.004992,6250,:112-128:160-176:184-192:208-216:224-232:256-264:272-312:328-336:344-360:384-392:464-472:488-496:528-536:552-560:576-584:632-640:648-680:704-712,666,703
OMS,696,865,1005,1036,276004,247,4,0.00459,6250,:104-112:128-136:144-152:192-200:208-216:248-256:368-376:504-512:688-696,696,865
OMS,606,100,1040,1139,217003,198,3,0.004781,6250,:96-104:120-136:160-176:192-240:248-264:272-288:296-344:352-480:488-624:632-648:656-736,100,606
