{
    "graph": {
        "name": "100",
        "demands": {}
    },
    "nodes": [
        {
            "id": 0,
            "pos": [
                274.4067519636624,
                357.59468318620975
            ]
        },
        {
            "id": 1,
            "pos": [
                301.3816880358219,
                272.4415914984484
            ]
        },
        {
            "id": 2,
            "pos": [
                211.82739966945235,
                322.94705653332807
            ]
        },
        {
            "id": 3,
            "pos": [
                218.79360563134625,
                445.8865003910399
            ]
        },
        {
            "id": 4,
            "pos": [
                481.83138025051466,
                191.72075941288884
            ]
        },
        {
            "id": 5,
            "pos": [
                395.8625190413323,
                264.4474598764522
            ]
        },
        {
            "id": 6,
            "pos": [
                284.02228054696616,
                462.7983191463305
            ]
        },
        {
            "id": 7,
            "pos": [
                35.51802909894347,
                43.56464985077035
            ]
        },
        {
            "id": 8,
            "pos": [
                10.10919872016286,
                416.309922773969
            ]
        },
        {
            "id": 9,
            "pos": [
                389.0783754749252,
                435.0060741234096
            ]
        },
        {
            "id": 10,
            "pos": [
                489.309171116382,
                399.5792821083618
            ]
        },
        {
            "id": 11,
            "pos": [
                230.7396811264659,
                390.26458814322774
            ]
        },
        {
            "id": 12,
            "pos": [
                59.13721293446661,
                319.9605106637619
            ]
        },
        {
            "id": 13,
            "pos": [
                71.6766437045232,
                472.33445852479196
            ]
        },
        {
            "id": 14,
            "pos": [
                260.92416087503585,
                207.3309699952618
            ]
        },
        {
            "id": 15,
            "pos": [
                132.27780605231348,
                387.11684471710834
            ]
        },
        {
            "id": 16,
            "pos": [
                228.0751661082743,
                284.21697443432424
            ]
        },
        {
            "id": 17,
            "pos": [
                9.394900218177572,
                308.81774853793854
            ]
        },
        {
            "id": 18,
            "pos": [
                306.0478613612107,
                308.46699843737844
            ]
        },
        {
            "id": 19,
            "pos": [
                471.87403925731206,
                340.9101495517417
            ]
        },
        {
            "id": 20,
            "pos": [
                179.753950286893,
                218.51597689967073
            ]
        },
        {
            "id": 21,
            "pos": [
                348.81559796363246,
                30.112735814634917
            ]
        },
        {
            "id": 22,
            "pos": [
                333.38335772283386,
                335.3189348090797
            ]
        },
        {
            "id": 23,
            "pos": [
                105.19128053692044,
                64.46314882742665
            ]
        },
        {
            "id": 24,
            "pos": [
                157.71417546209193,
                181.8553854713113
            ]
        },
        {
            "id": 25,
            "pos": [
                285.0983852089398,
                219.30075673116016
            ]
        },
        {
            "id": 26,
            "pos": [
                494.1869190296131,
                51.022405374014035
            ]
        },
        {
            "id": 27,
            "pos": [
                104.43837804741734,
                80.65475894249813
            ]
        },
        {
            "id": 28,
            "pos": [
                326.55416273269924,
                126.64580126989105
            ]
        },
        {
            "id": 29,
            "pos": [
                233.15538642815315,
                122.21279600080138
            ]
        },
        {
            "id": 30,
            "pos": [
                79.48479182275986,
                55.18757058215257
            ]
        },
        {
            "id": 31,
            "pos": [
                328.1647947326367,
                69.0914756743069
            ]
        },
        {
            "id": 32,
            "pos": [
                98.29118084002675,
                184.36258533048206
            ]
        },
        {
            "id": 33,
            "pos": [
                410.49661492396757,
                48.55063789653064
            ]
        },
        {
            "id": 34,
            "pos": [
                418.97245374940195,
                48.049203946981535
            ]
        },
        {
            "id": 35,
            "pos": [
                488.22973250669787,
                234.32560082385078
            ]
        },
        {
            "id": 36,
            "pos": [
                488.38054409516855,
                302.422759872523
            ]
        },
        {
            "id": 37,
            "pos": [
                369.63178969915083,
                19.59389612716034
            ]
        },
        {
            "id": 38,
            "pos": [
                141.4034812882048,
                60.09828060658445
            ]
        },
        {
            "id": 39,
            "pos": [
                148.07009876107247,
                59.36385947712203
            ]
        },
        {
            "id": 40,
            "pos": [
                158.991589696988,
                207.13149725733498
            ]
        },
        {
            "id": 41,
            "pos": [
                32.07374817439218,
                346.23605968500993
            ]
        },
        {
            "id": 42,
            "pos": [
                283.30072710328756,
                132.6947454697227
            ]
        },
        {
            "id": 43,
            "pos": [
                261.6240267333498,
                46.97025537922084
            ]
        },
        {
            "id": 44,
            "pos": [
                287.9732477780896,
                464.648098788107
            ]
        },
        {
            "id": 45,
            "pos": [
                159.28447622566182,
                333.7051899818408
            ]
        },
        {
            "id": 46,
            "pos": [
                65.89893120219608,
                358.16360205928277
            ]
        },
        {
            "id": 47,
            "pos": [
                144.70304647360055,
                91.59568100355841
            ]
        },
        {
            "id": 48,
            "pos": [
                293.2564674050416,
                10.053773093746777
            ]
        },
        {
            "id": 49,
            "pos": [
                414.47001460868154,
                2.347738096273533
            ]
        },
        {
            "id": 50,
            "pos": [
                338.90826839811507,
                135.00398659608243
            ]
        },
        {
            "id": 51,
            "pos": [
                367.59701106129745,
                481.0942725587191
            ]
        },
        {
            "id": 52,
            "pos": [
                124.37657175997902,
                288.07866720891843
            ]
        },
        {
            "id": 53,
            "pos": [
                296.0209656359195,
                286.1259528954367
            ]
        },
        {
            "id": 54,
            "pos": [
                111.54081632030916,
                476.3745057584925
            ]
        },
        {
            "id": 55,
            "pos": [
                223.56268930881367,
                423.2043362355639
            ]
        },
        {
            "id": 56,
            "pos": [
                349.73963765875214,
                148.71847542756683
            ]
        },
        {
            "id": 57,
            "pos": [
                406.8989098512386,
                198.2528704234923
            ]
        },
        {
            "id": 58,
            "pos": [
                440.55159855558077,
                290.63643631792934
            ]
        },
        {
            "id": 59,
            "pos": [
                440.8676809274264,
                346.2657950388829
            ]
        },
        {
            "id": 60,
            "pos": [
                362.62713990982024,
                250.66219096335112
            ]
        },
        {
            "id": 61,
            "pos": [
                478.04181736161195,
                321.9950996148187
            ]
        },
        {
            "id": 62,
            "pos": [
                211.92752427908985,
                303.1966070639622
            ]
        },
        {
            "id": 63,
            "pos": [
                9.596599154666762,
                150.78740833727466
            ]
        },
        {
            "id": 64,
            "pos": [
                330.0867687463425,
                145.03880360522203
            ]
        },
        {
            "id": 65,
            "pos": [
                309.0077144994208,
                214.38435047288306
            ]
        },
        {
            "id": 66,
            "pos": [
                67.73703211122512,
                149.1411629780154
            ]
        },
        {
            "id": 67,
            "pos": [
                284.98245535063245,
                295.4363806240866
            ]
        },
        {
            "id": 68,
            "pos": [
                287.1626244247894,
                326.6004099285668
            ]
        },
        {
            "id": 69,
            "pos": [
                326.05163500084444,
                215.70921771698698
            ]
        },
        {
            "id": 70,
            "pos": [
                448.2732979255315,
                183.78093502394827
            ]
        },
        {
            "id": 71,
            "pos": [
                217.9324626328134,
                445.96167750783604
            ]
        },
        {
            "id": 72,
            "pos": [
                403.0969945230429,
                351.94429177018316
            ]
        },
        {
            "id": 73,
            "pos": [
                50.11344365615056,
                459.7413068723368
            ]
        },
        {
            "id": 74,
            "pos": [
                357.1206497745557,
                499.42350328393326
            ]
        },
        {
            "id": 75,
            "pos": [
                74.72415232899688,
                434.0630286841071
            ]
        },
        {
            "id": 76,
            "pos": [
                81.24646733818741,
                307.7797821419221
            ]
        },
        {
            "id": 77,
            "pos": [
                61.90999142472076,
                424.0041146611172
            ]
        },
        {
            "id": 78,
            "pos": [
                403.65947936250535,
                284.55036930729665
            ]
        },
        {
            "id": 79,
            "pos": [
                203.59164861299982,
                34.583497727569025
            ]
        },
        {
            "id": 80,
            "pos": [
                348.7143865722818,
                226.77134133903442
            ]
        },
        {
            "id": 81,
            "pos": [
                361.02779973517397,
                433.1911629643146
            ]
        },
        {
            "id": 82,
            "pos": [
                487.7607525014429,
                427.90167119630553
            ]
        },
        {
            "id": 83,
            "pos": [
                5.857042092500986,
                179.98903223918194
            ]
        },
        {
            "id": 84,
            "pos": [
                364.995281212029,
                85.81483863072026
            ]
        },
        {
            "id": 85,
            "pos": [
                260.51830310206464,
                27.168994169626814
            ]
        },
        {
            "id": 86,
            "pos": [
                99.99826244820004,
                9.260897230306986
            ]
        },
        {
            "id": 87,
            "pos": [
                396.84885167871033,
                111.96234403019007
            ]
        },
        {
            "id": 88,
            "pos": [
                172.67584034845135,
                464.04064673279544
            ]
        },
        {
            "id": 89,
            "pos": [
                352.2072009617664,
                15.919464765653924
            ]
        },
        {
            "id": 90,
            "pos": [
                82.34707824895638,
                310.7392007498818
            ]
        },
        {
            "id": 91,
            "pos": [
                288.6142943020838,
                118.94641068725431
            ]
        },
        {
            "id": 92,
            "pos": [
                467.10699896239686,
                306.982977982948
            ]
        },
        {
            "id": 93,
            "pos": [
                267.81640151247916,
                294.9549881772855
            ]
        },
        {
            "id": 94,
            "pos": [
                365.06101475838483,
                155.97249773980093
            ]
        },
        {
            "id": 95,
            "pos": [
                199.11053110804593,
                104.92187448756107
            ]
        },
        {
            "id": 96,
            "pos": [
                93.09650294016808,
                472.1861949919668
            ]
        },
        {
            "id": 97,
            "pos": [
                369.7753975246438,
                245.22940430878353
            ]
        },
        {
            "id": 98,
            "pos": [
                113.70731398666162,
                127.17824088519647
            ]
        },
        {
            "id": 99,
            "pos": [
                29.014580161937808,
                217.20831277906038
            ]
        }
    ],
    "links": [
        {
            "src": 0,
            "snk": 2,
            "cost": 2.773837457693885,
            "distance": 71.53064634295099,
            "ots": 3,
            "osnr": 0.0005720492150515354,
            "colors": ":0-16:24-72:80-96:104-168:176-184:192-216:224-272:280-304:312-392:400-432:440-456:464-480:488-600:616-680:688-712:720-744:760-800:808-840:872-880:888-944:952-968"
        },
        {
            "src": 0,
            "snk": 11,
            "cost": 1.1004104792425784,
            "distance": 54.53563757215389,
            "ots": 3,
            "osnr": 0.0006266274264892796,
            "colors": ":0-8:16-32:40-80:88-120:128-192:200-232:256-272:280-296:304-312:320-352:376-408:416-424:432-480:488-544:552-616:624-688:704-768:776-824:832-928:944-968"
        },
        {
            "src": 0,
            "snk": 68,
            "cost": 0.48940363296538947,
            "distance": 33.516522149739494,
            "ots": 1,
            "osnr": 0.00038121172167454516,
            "colors": ":16-24:48-88:104-128:144-176:184-208:232-256:264-312:320-376:384-440:448-552:560-576:584-592:600-784:792-848:864-944:960-968"
        },
        {
            "src": 0,
            "snk": 81,
            "cost": 6.2353052543361045,
            "distance": 114.96970762716545,
            "ots": 5,
            "osnr": 0.0009289189987633879,
            "colors": ":0-112:120-152:160-200:208-216:224-232:240-256:264-296:312-352:360-392:400-424:432-440:448-472:488-504:520-552:560-568:576-632:640-648:656-728:744-784:792-880:888-928:936-968"
        },
        {
            "src": 1,
            "snk": 25,
            "cost": 5.099488065771772,
            "distance": 55.57962100191201,
            "ots": 2,
            "osnr": 0.0003780387521029003,
            "colors": ":0-64:72-144:152-232:240-264:272-376:384-408:416-464:472-488:496-544:560-584:600-624:640-648:656-664:672-792:808-816:840-864:880-904:920-968"
        },
        {
            "src": 1,
            "snk": 53,
            "cost": 8.023405581326553,
            "distance": 14.696907548603496,
            "ots": 1,
            "osnr": 0.00019676452715620783,
            "colors": ":0-40:48-72:80-104:120-160:168-200:208-256:264-280:288-296:304-320:328-384:392-504:512-528:536-552:560-600:608-616:624-664:672-688:696-712:720-800:808-864:872-880:896-904:920-968"
        },
        {
            "src": 1,
            "snk": 60,
            "cost": 7.537464995000653,
            "distance": 65.00267427512841,
            "ots": 3,
            "osnr": 0.000558896997890762,
            "colors": ":0-64:72-176:184-200:208-240:248-256:264-272:280-288:296-408:424-512:520-536:544-592:600-616:624-648:656-688:696-728:736-752:768-784:792-800:808-824:832-840:848-856:864-928:936-960"
        },
        {
            "src": 1,
            "snk": 65,
            "cost": 5.131316798109275,
            "distance": 58.5559520042506,
            "ots": 3,
            "osnr": 0.000402180259275014,
            "colors": ":0-24:32-40:48-80:88-112:128-144:152-168:184-256:264-280:288-328:336-360:368-424:432-544:552-576:584-616:640-720:728-752:760-776:784-808:816-872:880-920:936-968"
        },
        {
            "src": 1,
            "snk": 80,
            "cost": 6.477589098474658,
            "distance": 65.77352127084914,
            "ots": 3,
            "osnr": 0.0005039721824846632,
            "colors": ":0-48:56-64:88-136:144-168:184-240:248-280:296-320:344-392:400-416:424-448:456-504:512-520:528-536:544-616:624-648:656-768:776-832:840-936:952-968"
        },
        {
            "src": 2,
            "snk": 11,
            "cost": 8.202589108906345,
            "distance": 69.92370450683474,
            "ots": 4,
            "osnr": 0.00043065545997576034,
            "colors": ":0-96:112-136:152-176:192-232:240-328:336-392:416-440:448-472:480-520:536-608:616-624:632-744:760-792:800-808:816-888:896-936:944-952"
        },
        {
            "src": 2,
            "snk": 45,
            "cost": 5.0046661247166435,
            "distance": 53.63297716252605,
            "ots": 2,
            "osnr": 0.0005441855956032052,
            "colors": ":0-16:24-32:40-96:104-144:160-184:192-208:216-224:240-352:360-376:384-432:440-448:456-472:480-544:552-560:568-664:672-720:744-760:768-792:800-840:848-896:904-936:944-968"
        },
        {
            "src": 2,
            "snk": 62,
            "cost": 8.20295294458936,
            "distance": 19.750703257844528,
            "ots": 1,
            "osnr": 0.00021258810375387045,
            "colors": ":0-48:56-80:88-96:104-144:152-216:232-328:336-352:360-368:384-440:448-464:472-504:512-528:552-576:584-592:600-640:656-712:720-744:752-776:784-920:928-936:944-968"
        },
        {
            "src": 3,
            "snk": 6,
            "cost": 0.7695118348583019,
            "distance": 67.38538153679492,
            "ots": 3,
            "osnr": 0.0006927367962069983,
            "colors": ":0-200:208-272:280-296:304-320:328-376:384-424:432-488:504-512:520-536:544-608:616-624:632-648:656-696:728-744:752-784:808-824:848-960"
        },
        {
            "src": 3,
            "snk": 55,
            "cost": 3.0848148390708943,
            "distance": 23.178108850780827,
            "ots": 1,
            "osnr": 0.00018965228074687522,
            "colors": ":0-8:16-32:40-56:72-112:120-136:144-216:224-360:368-376:384-408:416-448:456-472:488-504:512-536:552-584:592-608:616-648:664-728:736-744:752-840:848-904:912-952:960-968"
        },
        {
            "src": 3,
            "snk": 71,
            "cost": 5.779708859640764,
            "distance": 0.8644182221655893,
            "ots": 1,
            "osnr": 2.0750090862733722e-05,
            "colors": ":8-16:24-88:96-112:120-216:232-240:272-280:288-312:320-328:344-360:368-384:392-472:480-528:536-560:568-640:656-664:672-712:720-760:768-840:848-968"
        },
        {
            "src": 4,
            "snk": 26,
            "cost": 0.3151857653962653,
            "distance": 141.2398179260026,
            "ots": 0,
            "osnr": 0.0006431873463194472,
            "colors": ":8-64:72-240:248-256:264-312:320-336:344-408:416-464:472-488:512-536:544-568:576-632:640-648:656-664:672-688:696-728:736-800:808-816:824-864:872-888:904-928:936-960"
        },
        {
            "src": 4,
            "snk": 35,
            "cost": 3.3486350147371944,
            "distance": 43.082611611268675,
            "ots": 2,
            "osnr": 0.00019404764604647433,
            "colors": ":0-48:56-136:144-152:160-168:176-192:200-224:240-360:368-432:440-448:464-528:536-568:576-584:592-600:608-624:648-688:704-728:736-752:760-784:792-880:888-944:952-968"
        },
        {
            "src": 4,
            "snk": 70,
            "cost": 9.777016147169943,
            "distance": 34.48457192220258,
            "ots": 1,
            "osnr": 0.0003403291437174321,
            "colors": ":16-32:40-112:120-160:176-184:192-200:208-216:224-248:256-360:368-408:416-424:440-480:488-504:520-544:552-616:624-640:648-656:664-896:912-944:952-960"
        },
        {
            "src": 5,
            "snk": 57,
            "cost": 8.17150760718468,
            "distance": 67.10831241325397,
            "ots": 3,
            "osnr": 0.0007959721615336246,
            "colors": ":0-96:112-176:184-200:208-216:224-256:264-272:280-376:384-408:416-432:440-480:488-536:544-576:584-616:624-632:640-728:736-776:784-832:848-856:864-920:936-944"
        },
        {
            "src": 5,
            "snk": 78,
            "cost": 6.183417338991112,
            "distance": 21.561993364127552,
            "ots": 1,
            "osnr": 0.0003348536468217462,
            "colors": ":0-8:16-48:72-80:88-104:112-152:160-256:272-288:296-304:312-344:352-408:416-424:440-472:488-496:504-568:584-672:680-768:776-864:872-944:960-968"
        },
        {
            "src": 5,
            "snk": 97,
            "cost": 1.5112624920099593,
            "distance": 32.401721695435796,
            "ots": 1,
            "osnr": 0.0001912944949288678,
            "colors": ":8-56:64-120:128-152:160-184:192-208:216-232:240-248:256-296:312-352:360-384:392-408:416-456:464-472:480-504:512-544:552-568:576-584:592-640:648-672:680-696:704-824:832-864:872-952:960-968"
        },
        {
            "src": 6,
            "snk": 44,
            "cost": 4.126332560356868,
            "distance": 4.3625481985351255,
            "ots": 1,
            "osnr": 0.0002312364220709176,
            "colors": ":0-64:80-112:120-128:144-160:176-208:216-288:296-312:320-328:336-368:376-448:456-552:568-624:632-696:704-728:744-752:760-808:816-848:856-944"
        },
        {
            "src": 7,
            "snk": 30,
            "cost": 2.115421645745527,
            "distance": 45.47712073933842,
            "ots": 2,
            "osnr": 0.0002534017713276515,
            "colors": ":0-32:40-64:80-88:96-104:112-168:176-256:264-280:288-304:312-392:400-424:432-440:448-456:464-496:504-520:536-600:608-616:624-656:664-728:752-832:840-848:856-936:944-968"
        },
        {
            "src": 7,
            "snk": 63,
            "cost": 5.127597072615352,
            "distance": 110.31156089826341,
            "ots": 5,
            "osnr": 0.00028658160390970723,
            "colors": ":0-48:56-64:72-104:128-216:232-264:272-288:296-336:352-360:376-456:464-512:520-600:616-656:664-688:696-704:712-736:744-760:768-872:880-904:912-952:960-968"
        },
        {
            "src": 8,
            "snk": 41,
            "cost": 9.84537283190438,
            "distance": 73.4356025435719,
            "ots": 3,
            "osnr": 0.0006889408695772818,
            "colors": ":0-16:24-40:56-104:112-128:136-248:264-360:368-376:384-392:400-480:488-496:504-520:528-544:552-568:576-584:592-656:664-672:680-688:704-800:808-848:856-904:928-968"
        },
        {
            "src": 8,
            "snk": 46,
            "cost": 0.155677154129793,
            "distance": 80.58218700849451,
            "ots": 4,
            "osnr": 0.0002598468950724565,
            "colors": ":0-40:64-136:144-224:232-272:288-296:320-408:416-472:480-504:512-544:552-688:696-712:720-728:736-784:792-800:808-824:832-872:880-888:912-960"
        },
        {
            "src": 8,
            "snk": 73,
            "cost": 0.042650161198740655,
            "distance": 59.04764802766028,
            "ots": 3,
            "osnr": 0.00039320485384158237,
            "colors": ":0-16:32-128:144-152:160-176:192-232:240-248:256-264:272-280:296-320:328-360:368-416:424-448:456-536:544-600:608-624:632-664:672-680:688-792:800-840:848-920:936-968"
        },
        {
            "src": 8,
            "snk": 77,
            "cost": 8.028256392724956,
            "distance": 52.369100752417324,
            "ots": 2,
            "osnr": 0.00029084295778534694,
            "colors": ":0-32:40-136:144-168:192-280:288-328:336-392:408-416:424-432:440-456:472-520:528-552:560-624:632-656:664-688:712-736:744-824:832-856:864-880:896-968"
        },
        {
            "src": 9,
            "snk": 51,
            "cost": 1.6434579028911778,
            "distance": 50.848510814806986,
            "ots": 2,
            "osnr": 0.00023059773442552032,
            "colors": ":0-16:24-64:72-200:208-256:264-288:296-312:320-328:336-376:384-440:448-456:464-480:496-520:528-592:600-664:680-696:704-776:784-832:840-848:864-896:920-928:936-968"
        },
        {
            "src": 9,
            "snk": 72,
            "cost": 7.15152744557092,
            "distance": 84.23646103505894,
            "ots": 3,
            "osnr": 0.00026909834877048396,
            "colors": ":8-24:32-112:120-136:144-160:176-192:200-224:232-248:256-360:368-408:416-440:472-504:512-536:544-632:640-648:656-672:680-736:744-784:792-872:880-936:944-960"
        },
        {
            "src": 9,
            "snk": 81,
            "cost": 7.702539432899789,
            "distance": 28.109228054980967,
            "ots": 1,
            "osnr": 0.00018458420460012835,
            "colors": ":8-32:48-168:176-200:216-224:240-272:280-320:328-360:368-496:504-544:552-624:632-640:648-664:680-704:712-784:824-864:872-928:936-968"
        },
        {
            "src": 9,
            "snk": 82,
            "cost": 2.7622224042021335,
            "distance": 98.93777881352716,
            "ots": 4,
            "osnr": 0.0004853686321680931,
            "colors": ":0-32:40-48:56-64:72-88:96-112:120-184:192-272:280-320:328-360:368-416:424-448:456-472:480-528:536-544:552-576:592-632:640-736:744-752:760-792:800-808:816-904:928-936:944-968"
        },
        {
            "src": 10,
            "snk": 19,
            "cost": 5.08546059373888,
            "distance": 61.20499111910247,
            "ots": 3,
            "osnr": 0.0003853029499213286,
            "colors": ":0-56:64-176:184-200:208-240:248-256:264-272:288-328:336-360:368-384:392-424:432-472:480-496:504-576:584-608:616-632:656-672:680-704:712-792:800-824:832-872:880-928:936-960"
        },
        {
            "src": 10,
            "snk": 82,
            "cost": 9.477743847192567,
            "distance": 28.364684448376384,
            "ots": 1,
            "osnr": 0.0003294242434275047,
            "colors": ":8-48:56-96:104-152:160-216:224-232:240-296:304-336:344-352:360-376:384-424:432-464:472-488:496-520:528-536:544-552:560-568:584-608:616-672:688-736:752-936:944-960"
        },
        {
            "src": 11,
            "snk": 15,
            "cost": 8.891002795505461,
            "distance": 98.51217758122432,
            "ots": 4,
            "osnr": 0.001089546315040719,
            "colors": ":0-16:24-40:48-72:80-104:120-160:168-184:192-200:216-224:232-280:288-304:312-344:352-368:376-512:520-616:624-664:672-736:744-792:800-824:832-856:864-880:896-944:960-968"
        },
        {
            "src": 11,
            "snk": 55,
            "cost": 4.7894796125979555,
            "distance": 33.712552794726356,
            "ots": 1,
            "osnr": 0.00025501545905014624,
            "colors": ":0-120:144-152:160-216:224-272:280-312:328-360:368-376:384-408:416-456:464-480:488-536:552-560:568-680:704-728:736-768:776-792:816-888:896-968"
        },
        {
            "src": 12,
            "snk": 17,
            "cost": 9.855246076518199,
            "distance": 50.97508040364207,
            "ots": 2,
            "osnr": 0.00015213504858731475,
            "colors": ":0-136:144-208:216-264:280-288:296-304:312-344:352-368:376-384:408-432:440-520:528-552:560-568:576-600:608-712:720-744:752-760:768-832:840-848:856-904:912-920:936-960"
        },
        {
            "src": 12,
            "snk": 41,
            "cost": 3.585048293004671,
            "distance": 37.72049311962661,
            "ots": 2,
            "osnr": 0.0005031823670246197,
            "colors": ":0-32:56-80:88-128:144-160:168-192:200-248:256-296:320-368:376-424:440-544:552-640:656-680:696-760:768-816:832-872:880-888:896-968"
        },
        {
            "src": 12,
            "snk": 46,
            "cost": 0.028699899880046953,
            "distance": 38.79686876677893,
            "ots": 2,
            "osnr": 0.0002102426698538052,
            "colors": ":0-32:40-88:104-144:152-160:184-280:288-304:320-336:344-360:368-376:400-464:472-488:496-568:576-608:616-672:680-704:712-744:752-808:816-888:896-960"
        },
        {
            "src": 12,
            "snk": 90,
            "cost": 4.561708392782951,
            "distance": 24.974595180794807,
            "ots": 1,
            "osnr": 0.0003047629707082041,
            "colors": ":0-8:16-48:56-88:120-192:200-216:224-280:296-304:312-400:408-416:440-448:456-464:472-480:488-552:560-584:592-648:656-672:680-712:720-840:848-904:912-968"
        },
        {
            "src": 13,
            "snk": 73,
            "cost": 8.757918019221595,
            "distance": 24.971164667829814,
            "ots": 1,
            "osnr": 0.0001713777189797125,
            "colors": ":0-40:48-64:72-80:96-120:128-192:200-288:304-312:328-424:440-448:456-496:504-512:520-528:536-552:560-584:592-608:616-656:672-848:856-872:880-904:912-928:936-968"
        },
        {
            "src": 13,
            "snk": 75,
            "cost": 8.994306787472823,
            "distance": 38.392572860733154,
            "ots": 2,
            "osnr": 0.000236485704028528,
            "colors": ":0-64:72-88:96-104:112-176:192-288:296-336:360-368:376-400:408-432:448-504:520-640:648-672:680-752:760-784:800-816:824-840:856-888:904-968"
        },
        {
            "src": 13,
            "snk": 96,
            "cost": 4.488489492795329,
            "distance": 21.42037235320635,
            "ots": 1,
            "osnr": 0.0002733377587572742,
            "colors": ":0-8:16-48:56-72:88-96:104-112:120-152:160-216:224-232:240-280:288-296:304-384:392-520:528-568:576-584:592-624:632-664:672-704:712-720:728-736:744-792:800-816:832-848:856-936:944-968"
        },
        {
            "src": 14,
            "snk": 16,
            "cost": 6.22549892749403,
            "distance": 83.60929455383689,
            "ots": 4,
            "osnr": 0.00046852347892567395,
            "colors": ":0-72:80-168:176-240:248-272:280-288:296-344:352-400:416-448:456-472:488-520:528-544:560-568:576-616:624-688:696-728:736-744:752-776:784-808:816-864:872-888:904-952:960-968"
        },
        {
            "src": 14,
            "snk": 20,
            "cost": 3.2591486705652573,
            "distance": 81.93721661354584,
            "ots": 3,
            "osnr": 0.0003377717722887754,
            "colors": ":0-8:16-32:40-72:80-96:104-112:120-136:144-168:184-224:232-240:256-280:288-320:328-344:352-480:488-504:520-568:576-640:648-672:680-784:800-864:872-912:920-936:944-968"
        },
        {
            "src": 14,
            "snk": 25,
            "cost": 4.957368046737814,
            "distance": 26.975339046039867,
            "ots": 1,
            "osnr": 0.00030967984283445505,
            "colors": ":0-136:144-152:160-192:200-208:216-248:256-264:272-296:304-352:360-376:384-392:400-408:416-424:432-456:464-472:480-568:592-656:664-752:760-768:776-792:800-848:864-928:936-952:960-968"
        },
        {
            "src": 14,
            "snk": 29,
            "cost": 3.2495676285978234,
            "distance": 89.53328084256202,
            "ots": 5,
            "osnr": 0.00036233906528530856,
            "colors": ":0-16:32-56:72-96:104-120:128-144:160-344:352-424:440-512:520-544:552-656:664-688:736-824:832-848:856-896:904-952"
        },
        {
            "src": 14,
            "snk": 42,
            "cost": 2.3498855747863443,
            "distance": 77.91839787620134,
            "ots": 4,
            "osnr": 0.0002793996894595732,
            "colors": ":0-16:24-88:104-120:128-136:144-152:160-168:176-184:200-216:224-280:288-320:328-336:344-352:360-472:480-536:544-568:576-600:616-624:632-640:648-696:704-776:784-832:840-960"
        },
        {
            "src": 15,
            "snk": 45,
            "cost": 5.327252193779709,
            "distance": 59.85119126142309,
            "ots": 3,
            "osnr": 0.0006366552507223492,
            "colors": ":0-8:16-24:40-120:128-136:144-152:160-232:240-264:272-384:392-408:416-424:432-448:464-472:496-512:520-568:576-584:600-648:656-720:728-768:776-856:864-944:952-968"
        },
        {
            "src": 15,
            "snk": 46,
            "cost": 9.769732090149398,
            "distance": 72.41854242368096,
            "ots": 3,
            "osnr": 0.000656299424305109,
            "colors": ":0-32:40-64:80-104:112-144:152-176:184-192:200-208:216-264:288-304:312-328:336-368:376-424:432-440:448-488:496-576:600-680:696-720:728-768:776-856:864-968"
        },
        {
            "src": 15,
            "snk": 54,
            "cost": 0.7657216349012208,
            "distance": 91.63488853992173,
            "ots": 4,
            "osnr": 0.0006154410887218209,
            "colors": ":0-16:24-32:48-56:64-80:88-112:128-144:152-216:232-280:288-304:312-392:400-440:448-544:552-568:576-584:592-616:632-784:792-840:848-880:888-904:912-920:928-952:960-968"
        },
        {
            "src": 15,
            "snk": 55,
            "cost": 5.630294737215797,
            "distance": 98.15924284165742,
            "ots": 5,
            "osnr": 0.00032960600558030973,
            "colors": ":0-8:16-72:88-128:136-224:248-320:344-360:368-416:424-496:512-592:600-616:624-688:696-752:768-784:792-800:824-920:928-944:952-968"
        },
        {
            "src": 15,
            "snk": 75,
            "cost": 3.7903290471622975,
            "distance": 74.27225084758592,
            "ots": 4,
            "osnr": 0.00032841332809897047,
            "colors": ":0-32:40-48:64-136:144-152:160-224:256-336:344-368:376-544:552-584:592-616:624-656:664-720:728-760:768-800:808-824:832-864:880-912:920-928:944-960"
        },
        {
            "src": 15,
            "snk": 88,
            "cost": 6.776765117901772,
            "distance": 86.88654954330134,
            "ots": 4,
            "osnr": 0.0006978224620896126,
            "colors": ":16-24:32-88:96-136:144-152:160-184:192-312:328-368:376-384:392-440:448-456:472-480:488-552:560-576:584-592:600-624:632-648:656-672:680-784:792-832:840-848:856-936:944-968"
        },
        {
            "src": 16,
            "snk": 20,
            "cost": 2.1435618366245404,
            "distance": 81.55710254481247,
            "ots": 3,
            "osnr": 0.0003669368791166411,
            "colors": ":0-88:96-256:272-328:336-344:352-392:400-448:456-488:496-504:512-568:584-608:616-664:672-736:760-776:784-792:800-808:832-888:896-912:920-936:952-968"
        },
        {
            "src": 16,
            "snk": 25,
            "cost": 2.262606719987205,
            "distance": 86.40464592536156,
            "ots": 4,
            "osnr": 0.0003731663560663017,
            "colors": ":8-56:64-72:88-96:104-136:144-264:272-296:304-400:408-416:432-440:448-520:528-560:568-592:600-624:632-640:648-664:672-720:728-792:800-832:840-864:872-896:904-928:936-944:952-968"
        },
        {
            "src": 16,
            "snk": 62,
            "cost": 5.2506606087284124,
            "distance": 24.91932566101346,
            "ots": 1,
            "osnr": 0.00036492675543460794,
            "colors": ":0-16:24-64:72-80:88-160:168-192:200-208:224-256:280-368:376-424:440-488:496-560:568-608:624-656:664-672:680-704:712-760:768-792:800-848:856-888:896-904:912-968"
        },
        {
            "src": 16,
            "snk": 93,
            "cost": 5.75709111550501,
            "distance": 41.166378643213825,
            "ots": 2,
            "osnr": 0.00035066065878254634,
            "colors": ":8-56:64-112:120-128:136-168:184-272:296-392:408-472:480-512:528-544:552-624:632-680:688-696:704-784:792-824:832-856:864-880:888-912:920-936:944-960"
        },
        {
            "src": 17,
            "snk": 41,
            "cost": 5.192951602696663,
            "distance": 43.754544377928866,
            "ots": 2,
            "osnr": 0.00044513248280832164,
            "colors": ":0-72:80-160:176-224:232-256:272-376:384-392:400-416:424-440:448-544:552-656:664-672:680-696:704-712:720-744:752-760:776-792:808-824:832-848:856-880:888-912:920-944:952-968"
        },
        {
            "src": 17,
            "snk": 99,
            "cost": 2.7178351489166506,
            "distance": 93.68682170484605,
            "ots": 4,
            "osnr": 0.0008533137676837812,
            "colors": ":8-56:64-72:80-120:128-136:144-160:168-192:208-216:224-328:352-448:456-504:512-528:536-552:560-600:616-776:800-808:816-888:912-968"
        },
        {
            "src": 18,
            "snk": 22,
            "cost": 7.087494916748948,
            "distance": 38.317826768309864,
            "ots": 2,
            "osnr": 0.00035560960693964915,
            "colors": ":0-16:24-48:56-80:104-160:168-256:264-312:320-328:336-408:424-456:464-520:536-560:576-632:640-672:680-720:728-808:816-832:840-848:864-880:888-904:912-968"
        },
        {
            "src": 18,
            "snk": 53,
            "cost": 2.9973639342812164,
            "distance": 24.4879756981458,
            "ots": 1,
            "osnr": 0.0001744699991356397,
            "colors": ":0-8:16-48:56-112:120-144:152-200:208-304:320-352:360-384:392-400:408-496:504-528:536-544:552-560:568-576:584-608:616-664:672-680:688-728:736-752:768-872:880-928:936-944:952-960"
        },
        {
            "src": 18,
            "snk": 67,
            "cost": 2.385958049680059,
            "distance": 24.769907771055294,
            "ots": 1,
            "osnr": 0.00019336837472071076,
            "colors": ":0-8:16-32:40-56:64-80:88-200:208-224:232-248:256-288:304-312:320-376:384-448:456-544:552-568:576-584:592-608:616-680:704-712:720-800:808-840:848-888:904-912:920-968"
        },
        {
            "src": 18,
            "snk": 68,
            "cost": 6.660759786151832,
            "distance": 26.18153521956907,
            "ots": 1,
            "osnr": 0.00033934292665850044,
            "colors": ":0-24:32-120:128-232:240-344:352-376:384-392:400-408:416-504:512-520:536-560:568-608:624-632:640-696:720-728:736-752:760-776:784-792:800-824:832-872:880-888:904-968"
        },
        {
            "src": 19,
            "snk": 59,
            "cost": 3.311279086736212,
            "distance": 31.465492137660977,
            "ots": 1,
            "osnr": 0.0003429790831029064,
            "colors": ":0-88:112-120:128-152:160-176:184-304:312-416:432-448:456-472:480-528:536-560:576-584:592-600:608-616:624-664:672-736:744-776:784-824:832-840:848-864:872-952"
        },
        {
            "src": 19,
            "snk": 61,
            "cost": 1.983409458450155,
            "distance": 19.895240658513604,
            "ots": 1,
            "osnr": 0.0002343782933438853,
            "colors": ":0-8:16-112:120-136:144-168:176-224:232-248:256-264:280-384:392-408:416-440:448-472:480-584:600-624:632-656:664-672:680-704:712-744:752-776:784-808:816-880:888-896:904-928:944-968"
        },
        {
            "src": 20,
            "snk": 40,
            "cost": 5.958842191569431,
            "distance": 23.67872450095227,
            "ots": 1,
            "osnr": 0.00043824321613888435,
            "colors": ":0-40:48-56:64-136:144-248:256-288:296-320:328-336:344-376:384-416:440-464:480-536:544-576:592-608:624-640:648-656:672-720:728-864:872-936:944-960"
        },
        {
            "src": 20,
            "snk": 52,
            "cost": 1.559056489468219,
            "distance": 88.91356440708817,
            "ots": 4,
            "osnr": 0.000741960951864351,
            "colors": ":0-48:56-72:88-144:152-168:176-192:200-208:216-312:328-368:376-384:392-424:432-440:448-472:480-504:520-600:608-688:696-712:728-760:776-832:840-880:896-968"
        },
        {
            "src": 21,
            "snk": 31,
            "cost": 7.386928423479131,
            "distance": 44.1111985229747,
            "ots": 2,
            "osnr": 0.0005283713120827039,
            "colors": ":0-8:16-64:72-88:96-128:136-144:152-232:240-280:288-336:360-536:552-576:584-600:608-616:624-680:688-736:752-760:776-784:792-808:816-888:896-912:920-960"
        },
        {
            "src": 21,
            "snk": 48,
            "cost": 1.450408840496682,
            "distance": 59.06927267086101,
            "ots": 3,
            "osnr": 0.00048668185064413,
            "colors": ":0-32:40-56:64-80:88-112:128-200:208-224:232-240:256-296:304-320:328-368:376-424:432-448:456-488:496-536:552-624:632-720:728-752:760-768:776-784:800-832:840-928:936-968"
        },
        {
            "src": 21,
            "snk": 84,
            "cost": 2.9635679234057646,
            "distance": 58.00436542323506,
            "ots": 3,
            "osnr": 0.00017953116704989727,
            "colors": ":0-56:64-88:104-112:120-136:144-152:160-216:224-264:272-280:288-296:304-320:328-552:560-584:592-608:616-672:680-688:704-736:744-792:800-808:824-832:848-936:944-960"
        },
        {
            "src": 21,
            "snk": 89,
            "cost": 9.271769358432598,
            "distance": 14.592872025985598,
            "ots": 1,
            "osnr": 0.00021271028660493476,
            "colors": ":8-32:40-48:56-104:120-208:216-240:248-280:288-296:304-344:352-392:400-440:448-480:488-504:512-560:576-616:632-640:648-744:760-888:896-920:928-944:960-968"
        },
        {
            "src": 22,
            "snk": 72,
            "cost": 6.537042369597581,
            "distance": 71.66863784107781,
            "ots": 3,
            "osnr": 0.0005858110070052944,
            "colors": ":0-56:72-96:104-128:136-152:160-176:192-200:208-240:248-304:312-320:328-448:464-624:632-648:656-680:688-720:728-736:744-752:760-808:824-832:840-864:872-880:888-944:952-968"
        },
        {
            "src": 22,
            "snk": 78,
            "cost": 1.8323169188249255,
            "distance": 86.69590829919677,
            "ots": 3,
            "osnr": 0.000559762566392955,
            "colors": ":0-32:48-72:80-96:104-160:168-200:232-288:296-400:424-440:448-464:472-496:504-648:656-664:680-704:712-824:832-856:864-880:888-904:920-968"
        },
        {
            "src": 22,
            "snk": 81,
            "cost": 0.269028753133993,
            "distance": 101.70146615582289,
            "ots": 5,
            "osnr": 0.00039875523003594064,
            "colors": ":0-16:24-88:96-104:120-184:192-216:224-232:240-248:256-304:312-392:400-448:456-496:504-544:560-584:592-704:712-720:728-784:800-864:872-880:912-928:936-968"
        },
        {
            "src": 23,
            "snk": 27,
            "cost": 4.101683475901283,
            "distance": 16.20910547430626,
            "ots": 1,
            "osnr": 0.0003443909375040522,
            "colors": ":8-64:72-136:144-168:176-200:216-240:248-272:288-352:360-368:376-456:464-480:488-576:584-608:632-736:744-776:792-824:832-856:864-872:880-944:952-960"
        },
        {
            "src": 23,
            "snk": 30,
            "cost": 4.522748209876886,
            "distance": 27.328737874176834,
            "ots": 1,
            "osnr": 0.00016329158002544264,
            "colors": ":0-24:32-40:48-96:104-112:120-168:176-200:216-224:232-240:248-304:312-384:392-424:432-440:448-512:520-544:552-560:568-600:608-640:648-768:776-816:824-840:848-856:864-872:880-912:920-952:960-968"
        },
        {
            "src": 23,
            "snk": 38,
            "cost": 0.15514090108849188,
            "distance": 36.474313671906664,
            "ots": 2,
            "osnr": 0.0003630887322691941,
            "colors": ":0-24:32-56:64-96:112-160:176-256:264-336:344-352:360-384:392-424:432-488:496-528:552-568:576-600:608-720:728-752:760-768:776-800:808-832:840-856:864-872:880-888:896-968"
        },
        {
            "src": 23,
            "snk": 86,
            "cost": 5.219968169740189,
            "distance": 55.44597386881646,
            "ots": 2,
            "osnr": 0.0004106183399091883,
            "colors": ":0-80:96-144:152-160:168-208:216-280:288-304:312-368:376-512:528-536:544-552:560-584:600-624:632-688:704-816:824-848:856-864:880-888:896-936:952-960"
        },
        {
            "src": 24,
            "snk": 32,
            "cost": 9.655158059301458,
            "distance": 59.47586351611729,
            "ots": 3,
            "osnr": 0.0002726598242336833,
            "colors": ":8-24:32-48:56-64:72-112:120-136:144-160:176-216:224-256:264-272:288-360:368-376:384-480:488-496:512-576:584-768:776-784:792-808:816-824:832-872:880-896:904-920:928-968"
        },
        {
            "src": 24,
            "snk": 40,
            "cost": 7.142614798693504,
            "distance": 25.30837043642044,
            "ots": 1,
            "osnr": 0.0003232796818548356,
            "colors": ":0-120:128-136:144-176:184-192:200-264:288-304:312-392:400-408:416-448:456-464:472-480:488-512:528-536:544-576:584-656:664-680:688-744:752-776:784-880:888-896:904-920:928-952:960-968"
        },
        {
            "src": 24,
            "snk": 95,
            "cost": 8.40299062632782,
            "distance": 87.36374175281829,
            "ots": 3,
            "osnr": 0.0007356582625866123,
            "colors": ":8-32:40-152:160-176:192-208:216-240:248-272:288-320:328-400:408-488:512-520:528-536:544-592:600-696:704-752:768-848:872-888:896-936:944-968"
        },
        {
            "src": 24,
            "snk": 98,
            "cost": 6.763036663520929,
            "distance": 70.1868505990162,
            "ots": 3,
            "osnr": 0.0006039393717040965,
            "colors": ":0-8:16-48:56-104:112-192:200-240:248-256:264-272:296-328:336-408:440-496:504-536:552-632:640-664:672-752:768-856:864-904:912-944:952-960"
        },
        {
            "src": 25,
            "snk": 65,
            "cost": 0.7763043368257749,
            "distance": 24.409569386146032,
            "ots": 1,
            "osnr": 0.00040967142351768323,
            "colors": ":0-24:32-40:48-64:72-88:96-104:112-144:152-224:232-280:288-368:376-432:440-576:592-608:616-672:680-688:696-744:752-760:792-840:848-872:880-888:904-928:936-968"
        },
        {
            "src": 26,
            "snk": 34,
            "cost": 7.661025941564127,
            "distance": 75.27320714645944,
            "ots": 4,
            "osnr": 0.00046594972836558443,
            "colors": ":0-8:16-64:72-80:88-120:128-136:152-184:192-320:328-336:344-360:368-384:392-488:496-520:528-544:552-560:576-640:656-664:672-680:688-696:704-712:728-768:776-792:800-968"
        },
        {
            "src": 26,
            "snk": 70,
            "cost": 0.9129005815065327,
            "distance": 140.47379754851664,
            "ots": 0,
            "osnr": 0.0004172539899581659,
            "colors": ":0-56:72-96:104-184:192-200:216-248:256-272:288-304:312-320:328-352:360-368:376-408:416-464:480-656:672-680:688-696:712-744:752-784:792-800:808-864:872-968"
        },
        {
            "src": 27,
            "snk": 47,
            "cost": 4.127739457121259,
            "distance": 41.724660562030586,
            "ots": 2,
            "osnr": 0.0003322061837239528,
            "colors": ":0-24:32-48:56-88:96-120:128-152:160-192:200-216:224-264:288-312:320-344:352-392:400-432:440-480:488-504:512-640:648-680:688-728:736-744:752-784:800-824:840-920:928-968"
        },
        {
            "src": 27,
            "snk": 98,
            "cost": 2.5114759979437773,
            "distance": 47.43782821249717,
            "ots": 2,
            "osnr": 0.00026308410766715657,
            "colors": ":0-24:32-120:136-144:152-200:216-256:272-312:320-376:384-400:416-488:496-512:520-568:576-592:600-608:616-632:640-704:720-768:776-880:888-904:912-920:928-936:944-968"
        },
        {
            "src": 28,
            "snk": 31,
            "cost": 3.364753433895303,
            "distance": 57.57685759228038,
            "ots": 3,
            "osnr": 0.00022371587613421456,
            "colors": ":0-112:120-160:168-176:184-192:200-232:240-264:272-320:328-336:344-384:400-456:464-520:528-544:552-624:640-704:712-760:776-784:792-816:824-840:848-856:864-888:896-936:952-968"
        },
        {
            "src": 28,
            "snk": 50,
            "cost": 0.09575446731719506,
            "distance": 14.915870364789992,
            "ots": 1,
            "osnr": 6.014665673733997e-05,
            "colors": ":0-8:16-24:32-80:88-96:104-192:200-240:248-256:264-288:296-376:384-472:480-488:496-504:520-632:640-664:672-680:696-728:736-752:768-792:800-840:848-856:864-904:912-936:944-968"
        },
        {
            "src": 28,
            "snk": 64,
            "cost": 5.172381558042378,
            "distance": 18.729170834693118,
            "ots": 1,
            "osnr": 0.00017040112300964905,
            "colors": ":8-48:56-96:104-128:144-256:264-296:304-344:352-368:376-392:400-416:440-448:464-520:528-680:688-712:720-728:736-760:768-816:824-848:856-872:880-912:920-952:960-968"
        },
        {
            "src": 28,
            "snk": 84,
            "cost": 6.073203306920312,
            "distance": 56.079292969715915,
            "ots": 3,
            "osnr": 0.00011503229200239872,
            "colors": ":0-16:32-48:56-64:72-144:160-192:208-248:256-264:272-296:304-336:344-376:384-392:408-472:480-496:504-616:624-648:664-704:712-728:736-792:800-808:816-904:912-968"
        },
        {
            "src": 28,
            "snk": 91,
            "cost": 7.374259225176233,
            "distance": 38.71323070833026,
            "ots": 2,
            "osnr": 0.0005503726319227125,
            "colors": ":0-96:104-128:136-160:168-176:184-200:224-368:376-392:400-456:464-488:496-512:520-536:552-600:608-656:664-688:696-736:752-776:784-816:824-920:936-944:952-960"
        },
        {
            "src": 29,
            "snk": 42,
            "cost": 1.422299454114997,
            "distance": 51.22915630863258,
            "ots": 2,
            "osnr": 0.0005093453100045468,
            "colors": ":0-40:56-216:224-240:248-264:272-280:288-328:336-344:352-368:384-400:408-416:424-544:552-600:608-648:656-672:688-752:760-776:792-832:840-864:872-928:944-960"
        },
        {
            "src": 29,
            "snk": 43,
            "cost": 3.346865850610402,
            "distance": 80.44814106004479,
            "ots": 4,
            "osnr": 0.00026909114685587463,
            "colors": ":0-8:24-32:48-104:112-120:128-136:144-192:200-208:224-296:304-320:328-352:360-400:408-440:448-512:520-552:560-592:608-624:632-648:656-680:688-720:728-840:856-968"
        },
        {
            "src": 29,
            "snk": 95,
            "cost": 4.172791875797087,
            "distance": 38.184134670620324,
            "ots": 2,
            "osnr": 0.0004993906206665257,
            "colors": ":8-40:64-120:128-200:208-256:264-296:304-408:424-504:512-528:536-568:576-584:600-672:680-688:704-712:720-808:816-832:840-856:864-936:960-968"
        },
        {
            "src": 30,
            "snk": 86,
            "cost": 5.838631355962307,
            "distance": 50.299719703671514,
            "ots": 2,
            "osnr": 0.0005663212306383821,
            "colors": ":0-32:40-48:56-104:112-136:160-192:200-208:216-248:256-272:280-304:312-352:368-488:496-504:512-528:536-544:552-576:584-592:600-696:704-712:720-808:824-832:840-928:936-968"
        },
        {
            "src": 31,
            "snk": 43,
            "cost": 7.6374865874016535,
            "distance": 70.1214816819971,
            "ots": 3,
            "osnr": 0.0002672534745017389,
            "colors": ":0-72:88-104:112-168:176-184:192-208:216-360:368-376:392-456:464-496:504-568:584-616:624-632:640-648:656-664:672-704:712-728:736-776:784-792:800-872:880-912:920-928:936-944:952-968"
        },
        {
            "src": 31,
            "snk": 48,
            "cost": 6.587093524676949,
            "distance": 68.58601637944284,
            "ots": 4,
            "osnr": 0.0005534109140679206,
            "colors": ":8-16:24-72:88-96:120-216:240-264:272-304:312-328:336-376:384-392:408-440:448-552:560-640:648-672:680-704:720-840:848-880:888-936:944-968"
        },
        {
            "src": 31,
            "snk": 84,
            "cost": 5.4114043552301005,
            "distance": 40.44942030339416,
            "ots": 2,
            "osnr": 0.0001610237485324246,
            "colors": ":0-24:32-40:56-88:96-120:128-192:200-216:224-248:256-304:320-336:344-360:376-408:416-424:432-568:576-624:632-680:688-720:728-768:776-784:800-864:872-896:904-960"
        },
        {
            "src": 31,
            "snk": 91,
            "cost": 4.701964232549707,
            "distance": 63.637698178456894,
            "ots": 3,
            "osnr": 0.0003961897388570794,
            "colors": ":0-8:16-24:32-80:88-96:104-120:128-144:152-160:168-216:232-272:280-304:312-360:376-408:416-480:488-512:544-608:624-688:696-896:904-920:936-968"
        },
        {
            "src": 32,
            "snk": 52,
            "cost": 5.469271733535437,
            "distance": 106.94612316330706,
            "ots": 5,
            "osnr": 0.0009475505637298568,
            "colors": ":0-64:72-160:168-192:200-224:232-256:264-280:288-320:328-344:352-408:416-432:440-504:520-552:560-584:600-608:616-640:648-664:672-712:720-728:736-784:792-800:808-880:888-944:960-968"
        },
        {
            "src": 32,
            "snk": 66,
            "cost": 2.219116498221717,
            "distance": 46.62729455021565,
            "ots": 2,
            "osnr": 0.00025983647752272253,
            "colors": ":0-56:72-208:216-248:264-304:336-360:368-408:416-456:488-520:528-560:568-648:656-672:680-712:720-768:784-800:808-952"
        },
        {
            "src": 32,
            "snk": 98,
            "cost": 9.962623736522346,
            "distance": 59.22589307753695,
            "ots": 3,
            "osnr": 0.0005761215368926066,
            "colors": ":0-32:56-104:112-168:176-184:192-296:304-328:344-384:392-400:408-424:432-448:456-504:512-568:576-616:624-672:680-728:736-744:752-784:792-800:808-856:864-896:904-912:928-968"
        },
        {
            "src": 32,
            "snk": 99,
            "cost": 6.403953511355195,
            "distance": 76.66869773993612,
            "ots": 4,
            "osnr": 0.00019488467001192955,
            "colors": ":0-8:16-80:88-144:152-288:296-304:312-320:328-336:344-360:376-416:424-432:440-448:456-464:472-480:488-520:528-552:560-592:600-632:648-688:704-744:752-800:808-872:888-968"
        },
        {
            "src": 33,
            "snk": 34,
            "cost": 0.15385487416096577,
            "distance": 8.490658384395244,
            "ots": 1,
            "osnr": 0.00018870120220451997,
            "colors": ":0-56:64-72:80-112:120-192:200-256:272-304:312-384:392-424:432-464:472-496:504-584:592-616:624-632:656-664:672-696:704-712:728-760:768-808:816-896:904-928:936-960"
        },
        {
            "src": 33,
            "snk": 37,
            "cost": 5.467137831121628,
            "distance": 50.084197453416515,
            "ots": 2,
            "osnr": 0.0003606610465482364,
            "colors": ":0-48:56-80:88-136:144-176:184-312:320-328:336-360:368-384:392-432:440-448:456-504:512-632:640-656:680-696:704-720:728-752:760-776:784-832:864-896:904-920:928-968"
        },
        {
            "src": 33,
            "snk": 49,
            "cost": 1.6888821680203903,
            "distance": 46.3734391112745,
            "ots": 2,
            "osnr": 0.00017982817145672283,
            "colors": ":0-32:48-64:72-80:88-96:112-192:216-232:240-264:272-280:288-344:360-424:432-448:456-520:528-568:576-712:720-736:744-768:776-784:792-832:840-880:888-952:960-968"
        },
        {
            "src": 33,
            "snk": 84,
            "cost": 4.118032589120829,
            "distance": 58.81319601860773,
            "ots": 3,
            "osnr": 0.00021904084090762382,
            "colors": ":0-184:200-296:304-328:336-368:384-392:400-448:456-464:480-496:520-576:584-640:648-656:664-696:704-712:728-744:752-760:768-776:784-808:816-864:872-912:920-968"
        },
        {
            "src": 33,
            "snk": 87,
            "cost": 4.987999241810227,
            "distance": 64.86374886159584,
            "ots": 3,
            "osnr": 0.0006841112302948862,
            "colors": ":0-88:96-136:144-192:200-208:216-248:264-328:336-408:416-472:480-488:496-528:536-544:552-568:592-624:640-680:688-696:712-728:736-760:768-776:784-824:832-936:944-968"
        },
        {
            "src": 34,
            "snk": 49,
            "cost": 8.941531438292916,
            "distance": 45.92271702675399,
            "ots": 2,
            "osnr": 0.00042366125931189323,
            "colors": ":0-16:24-40:48-88:96-176:184-224:248-312:320-360:376-448:456-472:480-544:552-576:592-640:648-672:680-760:768-784:792-800:824-840:848-888:896-936:944-968"
        },
        {
            "src": 35,
            "snk": 36,
            "cost": 7.46228316807999,
            "distance": 68.09732604614793,
            "ots": 4,
            "osnr": 0.00048619529957991646,
            "colors": ":0-24:32-56:64-120:128-216:224-336:344-368:384-432:440-464:472-536:544-584:600-648:664-672:680-712:720-728:744-792:800-816:824-832:840-872:880-920:928-936:944-952:960-968"
        },
        {
            "src": 35,
            "snk": 58,
            "cost": 1.6355189612604193,
            "distance": 73.78424392173334,
            "ots": 3,
            "osnr": 0.0005828159478410691,
            "colors": ":0-32:40-56:72-88:96-144:160-184:192-264:272-296:304-440:448-472:488-576:584-600:608-632:640-656:664-720:728-744:760-768:784-792:800-840:848-872:880-928:936-968"
        },
        {
            "src": 36,
            "snk": 61,
            "cost": 2.4901038217879803,
            "distance": 22.135170057151253,
            "ots": 1,
            "osnr": 0.0002498813984788196,
            "colors": ":0-48:56-64:80-88:96-144:152-160:168-200:208-232:240-248:256-296:304-312:320-328:336-392:408-424:432-520:528-608:616-680:688-720:736-752:760-784:792-824:832-888:896-960"
        },
        {
            "src": 36,
            "snk": 92,
            "cost": 2.9828343641484913,
            "distance": 21.756822188240687,
            "ots": 1,
            "osnr": 7.534396504356517e-05,
            "colors": ":0-40:48-64:72-80:88-128:136-176:192-224:232-248:256-272:304-328:336-352:360-464:480-528:536-544:568-592:600-664:672-728:736-816:824-888:896-968"
        },
        {
            "src": 37,
            "snk": 49,
            "cost": 7.7855976189025045,
            "distance": 48.040570145076146,
            "ots": 2,
            "osnr": 0.0005174529773534447,
            "colors": ":8-24:32-88:104-112:120-136:144-168:176-184:192-208:216-256:288-368:376-512:520-528:536-576:584-632:640-656:672-680:688-736:744-760:768-792:800-936:944-968"
        },
        {
            "src": 37,
            "snk": 89,
            "cost": 9.626079585521264,
            "distance": 17.80779993422565,
            "ots": 1,
            "osnr": 0.00017876247701626834,
            "colors": ":8-32:40-56:64-104:112-128:136-144:152-184:192-232:240-344:352-376:400-416:424-456:464-512:528-544:552-584:592-600:608-616:624-848:856-872:880-888:896-928:936-952:960-968"
        },
        {
            "src": 38,
            "snk": 39,
            "cost": 2.6060112218552565,
            "distance": 6.706948853610365,
            "ots": 1,
            "osnr": 0.00013048978387135963,
            "colors": ":0-56:64-80:88-96:112-128:152-160:168-248:256-272:280-296:304-344:352-360:376-400:408-496:512-528:536-568:576-648:656-688:696-704:712-912:920-936:944-960"
        },
        {
            "src": 38,
            "snk": 47,
            "cost": 2.8547855262519195,
            "distance": 31.6697546908714,
            "ots": 1,
            "osnr": 0.0003859014324255867,
            "colors": ":0-88:96-144:160-224:232-296:304-336:368-400:408-416:424-440:448-456:464-472:480-504:520-544:552-576:584-600:608-632:640-720:728-752:768-856:864-888:896-968"
        },
        {
            "src": 38,
            "snk": 86,
            "cost": 0.6045801039509358,
            "distance": 65.56547640134477,
            "ots": 3,
            "osnr": 0.00035770411058247983,
            "colors": ":0-24:32-48:64-88:96-112:120-152:160-264:272-296:304-408:416-456:472-528:536-552:568-584:592-632:640-664:688-736:752-768:776-808:816-840:848-864:872-968"
        },
        {
            "src": 39,
            "snk": 79,
            "cost": 8.129319998774527,
            "distance": 60.800566003934236,
            "ots": 3,
            "osnr": 0.0003389880679363032,
            "colors": ":8-32:40-88:96-128:136-144:152-192:208-240:248-264:272-288:304-320:328-392:408-424:432-544:552-592:600-680:688-696:704-816:824-856:888-912:920-968"
        },
        {
            "src": 40,
            "snk": 52,
            "cost": 7.450737337362553,
            "distance": 88.03774071357118,
            "ots": 3,
            "osnr": 0.000804170686480976,
            "colors": ":8-88:96-128:136-152:176-192:200-312:328-336:344-352:360-384:392-400:416-424:432-464:472-496:512-560:568-648:656-704:712-728:736-824:832-904:912-952:960-968"
        },
        {
            "src": 41,
            "snk": 46,
            "cost": 0.6105972279524607,
            "distance": 35.866548118748575,
            "ots": 2,
            "osnr": 0.00017307025408424976,
            "colors": ":8-56:64-128:136-168:176-184:192-208:216-240:256-280:288-296:304-360:368-408:424-464:472-520:528-552:560-584:592-600:608-664:672-704:712-776:784-816:824-832:840-896:904-952:960-968"
        },
        {
            "src": 42,
            "snk": 65,
            "cost": 2.2841827194999595,
            "distance": 85.6390142782909,
            "ots": 4,
            "osnr": 0.0007385828577708665,
            "colors": ":0-56:64-88:104-112:120-160:168-240:264-272:280-304:312-416:424-488:496-528:536-584:592-672:680-688:696-712:728-736:744-752:760-776:784-800:808-840:848-872:880-912:920-968"
        },
        {
            "src": 42,
            "snk": 91,
            "cost": 2.6409733135115596,
            "distance": 14.739426911076075,
            "ots": 1,
            "osnr": 0.00022341127288479345,
            "colors": ":0-56:64-88:96-128:136-152:160-184:192-224:232-240:248-352:360-408:416-456:464-472:480-528:536-544:560-600:608-632:648-664:672-688:696-816:832-888:904-928:936-944:952-968"
        },
        {
            "src": 43,
            "snk": 79,
            "cost": 5.617134077003993,
            "distance": 59.33960461128833,
            "ots": 3,
            "osnr": 0.0005086308863773209,
            "colors": ":0-40:48-112:136-224:232-272:280-288:296-368:376-384:392-432:440-464:472-520:528-592:600-632:640-688:696-704:720-752:760-768:776-824:832-848:856-912:944-968"
        },
        {
            "src": 43,
            "snk": 85,
            "cost": 7.987889457244542,
            "distance": 19.83210957612315,
            "ots": 1,
            "osnr": 0.0002480897952552215,
            "colors": ":0-24:32-56:64-112:120-128:136-144:152-224:232-240:248-384:392-408:416-424:448-536:552-584:592-608:624-632:640-672:680-736:744-816:824-928:944-952"
        },
        {
            "src": 43,
            "snk": 91,
            "cost": 1.8736442095688377,
            "distance": 76.87028994584324,
            "ots": 3,
            "osnr": 0.0007553107479119259,
            "colors": ":0-64:72-128:144-176:184-192:200-216:224-328:336-344:352-416:432-440:464-520:528-576:584-592:608-632:640-656:664-688:696-736:744-792:800-840:848-856:864-896:904-968"
        },
        {
            "src": 43,
            "snk": 95,
            "cost": 9.493321055077237,
            "distance": 85.2427550738069,
            "ots": 3,
            "osnr": 0.0004515032300709681,
            "colors": ":0-16:24-56:64-72:80-88:104-136:144-248:256-264:272-280:288-352:360-392:408-416:424-464:488-496:504-520:536-576:584-648:656-696:704-752:760-872:880-904:912-968"
        },
        {
            "src": 44,
            "snk": 74,
            "cost": 2.746502780045473,
            "distance": 77.39956046844979,
            "ots": 3,
            "osnr": 0.0004361828363369731,
            "colors": ":0-96:112-176:184-200:208-224:232-248:256-280:288-320:328-352:360-432:448-480:488-632:640-648:656-664:680-688:704-768:776-784:792-816:832-840:848-864:872-896:904-968"
        },
        {
            "src": 44,
            "snk": 81,
            "cost": 1.220969586207311,
            "distance": 79.53933852549022,
            "ots": 3,
            "osnr": 0.0004148165331843785,
            "colors": ":8-64:72-88:96-136:144-152:160-200:208-224:240-248:256-272:280-368:376-456:472-560:568-592:600-616:624-632:640-728:736-752:760-768:776-800:816-904:912-920:928-936:944-968"
        },
        {
            "src": 45,
            "snk": 52,
            "cost": 4.358021286677179,
            "distance": 57.448597672469276,
            "ots": 3,
            "osnr": 0.0003158718158517497,
            "colors": ":8-88:120-192:200-280:288-296:304-320:328-344:352-408:416-448:456-472:480-488:496-536:544-560:568-584:592-608:616-624:632-648:664-728:736-752:760-816:824-896:904-968"
        },
        {
            "src": 46,
            "snk": 77,
            "cost": 7.3126739053523195,
            "distance": 65.96123664866091,
            "ots": 3,
            "osnr": 0.00030893609188807923,
            "colors": ":0-8:16-72:88-144:152-176:184-192:200-256:264-272:280-288:304-392:400-448:464-504:512-584:592-608:616-720:736-760:768-808:816-856:864-872:880-888:896-920:928-952:960-968"
        },
        {
            "src": 47,
            "snk": 95,
            "cost": 1.8902527587076157,
            "distance": 56.01572830036654,
            "ots": 3,
            "osnr": 0.00023693171665171325,
            "colors": ":0-16:24-32:40-56:64-144:152-256:280-288:296-360:368-384:392-408:416-432:440-464:480-504:512-560:568-584:592-600:608-632:640-688:696-704:712-736:744-768:784-904:912-968"
        },
        {
            "src": 47,
            "snk": 98,
            "cost": 2.2168934166937646,
            "distance": 47.18955393021045,
            "ots": 2,
            "osnr": 0.00036700003225437455,
            "colors": ":0-32:48-56:64-104:112-128:136-176:192-232:240-256:264-320:336-384:392-448:456-480:488-544:552-648:664-688:696-728:736-760:768-848:872-912:920-960"
        },
        {
            "src": 48,
            "snk": 85,
            "cost": 7.091711190381762,
            "distance": 36.94209244757208,
            "ots": 2,
            "osnr": 0.0003061045601813674,
            "colors": ":0-40:64-72:80-112:120-160:168-200:208-224:232-264:272-320:328-352:360-376:392-408:416-488:496-560:568-608:616-632:640-704:720-728:744-784:800-960"
        },
        {
            "src": 48,
            "snk": 89,
            "cost": 0.32936866920092567,
            "distance": 59.241837629042536,
            "ots": 3,
            "osnr": 0.0002065197487235143,
            "colors": ":0-16:32-72:80-104:112-216:240-304:312-328:344-360:368-392:400-408:416-432:440-472:480-504:512-528:536-560:568-616:624-640:648-752:760-840:856-880:888-944:952-968"
        },
        {
            "src": 50,
            "snk": 56,
            "cost": 8.240054052858504,
            "distance": 17.47586232405097,
            "ots": 1,
            "osnr": 0.00021791692142611812,
            "colors": ":0-8:24-32:40-48:56-200:208-216:224-272:280-296:304-328:336-360:368-448:456-472:488-560:568-600:608-648:656-672:688-752:768-776:784-856:864-904:928-968"
        },
        {
            "src": 50,
            "snk": 64,
            "cost": 2.1838866226198075,
            "distance": 13.36100327494687,
            "ots": 1,
            "osnr": 0.00018905522407300913,
            "colors": ":0-24:40-48:56-64:80-112:120-168:176-192:200-240:248-256:264-296:304-336:344-408:416-440:448-464:472-568:576-592:616-648:656-696:704-776:784-808:816-856:864-880:888-968"
        },
        {
            "src": 50,
            "snk": 84,
            "cost": 6.332118720268255,
            "distance": 55.678582193798746,
            "ots": 2,
            "osnr": 0.0003503122750319369,
            "colors": ":0-24:32-112:120-144:152-168:176-224:240-248:256-320:328-416:424-464:472-496:504-544:568-584:592-624:632-672:680-688:704-752:760-768:776-800:808-824:832-856:864-944:952-968"
        },
        {
            "src": 51,
            "snk": 74,
            "cost": 3.1892451590134896,
            "distance": 21.111959757172585,
            "ots": 1,
            "osnr": 0.00015165857186590204,
            "colors": ":16-32:48-64:72-144:160-184:200-232:240-248:256-272:280-320:328-336:352-512:520-592:600-616:624-704:720-752:768-872:880-912:920-928:936-968"
        },
        {
            "src": 51,
            "snk": 81,
            "cost": 8.120635123988874,
            "distance": 48.35144719923906,
            "ots": 2,
            "osnr": 0.00040510340034643523,
            "colors": ":0-16:24-88:96-112:120-168:176-240:248-336:344-448:464-472:480-536:544-608:616-624:632-648:656-696:720-728:744-848:856-864:872-880:888-896:904-920:928-936:952-968"
        },
        {
            "src": 52,
            "snk": 76,
            "cost": 5.219555760155109,
            "distance": 47.41666201914753,
            "ots": 2,
            "osnr": 0.00018863324858991814,
            "colors": ":0-24:32-88:96-104:112-120:128-192:200-216:232-240:256-272:280-320:328-368:376-560:568-592:600-664:672-712:720-728:736-768:800-824:840-872:880-896:904-968"
        },
        {
            "src": 53,
            "snk": 67,
            "cost": 4.020106281990895,
            "distance": 14.440663897785345,
            "ots": 1,
            "osnr": 0.000192799735493679,
            "colors": ":0-16:24-40:48-64:72-80:88-112:128-176:184-312:320-392:400-464:472-488:496-504:512-544:560-600:608-616:632-640:656-720:736-768:792-880:888-968"
        },
        {
            "src": 54,
            "snk": 88,
            "cost": 9.526987052814643,
            "distance": 62.3667799504455,
            "ots": 3,
            "osnr": 0.00047524563286774053,
            "colors": ":0-128:136-160:168-200:208-264:272-280:288-296:304-312:320-328:336-368:376-416:424-432:440-448:456-520:536-568:576-680:688-712:720-728:736-784:792-800:816-840:848-864:880-888:896-968"
        },
        {
            "src": 54,
            "snk": 96,
            "cost": 4.792172857076663,
            "distance": 18.91387435566406,
            "ots": 1,
            "osnr": 9.461921978935249e-05,
            "colors": ":0-16:24-32:40-224:232-288:304-320:328-344:352-360:376-416:432-456:464-504:512-568:576-592:600-608:616-624:632-680:688-704:712-768:792-808:824-952:960-968"
        },
        {
            "src": 56,
            "snk": 64,
            "cost": 4.554561522900227,
            "distance": 19.99438024067052,
            "ots": 1,
            "osnr": 0.00013988060221057405,
            "colors": ":0-16:32-72:80-88:96-112:120-144:160-168:176-208:216-256:264-288:296-344:352-368:376-440:456-472:480-608:616-632:640-760:768-840:848-856:872-896:904-944:960-968"
        },
        {
            "src": 56,
            "snk": 69,
            "cost": 8.160622124860142,
            "distance": 71.05547848272185,
            "ots": 4,
            "osnr": 0.0007279268857199315,
            "colors": ":0-48:56-112:128-152:160-168:176-184:192-232:240-248:256-328:336-440:456-472:480-504:512-560:568-576:584-592:600-632:640-712:720-744:752-776:784-840:848-896:904-912:936-968"
        },
        {
            "src": 56,
            "snk": 94,
            "cost": 5.950600801384703,
            "distance": 16.95185641561239,
            "ots": 1,
            "osnr": 0.00023544609943033261,
            "colors": ":0-48:56-88:104-136:144-208:216-224:232-240:264-384:392-440:448-504:512-544:560-576:592-632:640-712:720-824:840-848:864-872:880-944:960-968"
        },
        {
            "src": 57,
            "snk": 70,
            "cost": 1.2754673867882793,
            "distance": 43.8323727709414,
            "ots": 2,
            "osnr": 0.0002250965420296367,
            "colors": ":0-160:168-256:264-272:280-296:304-368:376-384:392-400:416-432:440-472:480-496:504-512:528-536:544-576:584-600:616-648:656-672:688-696:704-760:776-944:960-968"
        },
        {
            "src": 57,
            "snk": 80,
            "cost": 6.159197592044451,
            "distance": 64.79770005609835,
            "ots": 3,
            "osnr": 0.00029941100763643074,
            "colors": ":0-104:112-120:128-160:168-184:200-208:216-240:248-400:416-424:432-440:448-472:480-504:520-592:600-608:624-648:656-712:720-736:744-864:872-896:904-912:920-944:952-960"
        },
        {
            "src": 57,
            "snk": 94,
            "cost": 0.8631480205098774,
            "distance": 59.48142046111941,
            "ots": 3,
            "osnr": 0.00044601165533451637,
            "colors": ":0-32:40-120:136-152:160-200:208-224:232-264:272-280:288-296:304-328:336-368:384-408:416-504:512-560:568-592:600-624:632-704:712-736:744-752:760-776:784-816:824-856:864-888:896-920:928-968"
        },
        {
            "src": 57,
            "snk": 97,
            "cost": 7.228348019204228,
            "distance": 59.87445117359116,
            "ots": 3,
            "osnr": 0.00020193847416564802,
            "colors": ":0-16:24-48:56-88:96-104:112-152:160-176:200-232:248-280:288-344:352-408:416-448:456-464:488-512:520-560:568-608:616-624:632-704:712-824:832-856:864-952:960-968"
        },
        {
            "src": 58,
            "snk": 59,
            "cost": 6.509113909131884,
            "distance": 55.63025669337079,
            "ots": 3,
            "osnr": 0.00017793414590529306,
            "colors": ":8-64:72-88:96-160:168-216:224-280:296-352:360-368:376-408:416-448:456-504:512-568:576-600:608-632:640-656:664-672:680-688:696-712:720-808:816-824:840-856:872-960"
        },
        {
            "src": 58,
            "snk": 78,
            "cost": 6.613777364752811,
            "distance": 37.39075648090039,
            "ots": 2,
            "osnr": 0.0003537711434789113,
            "colors": ":0-80:88-192:200-208:216-280:296-320:328-368:392-408:416-464:472-480:488-528:552-624:632-704:712-744:752-760:768-800:816-824:840-848:856-936:944-968"
        },
        {
            "src": 58,
            "snk": 92,
            "cost": 7.885096641271584,
            "distance": 31.18330827818818,
            "ots": 1,
            "osnr": 0.0003860622449148349,
            "colors": ":0-24:32-80:88-136:144-208:216-224:240-264:272-312:320-328:336-376:384-408:416-456:464-512:520-544:552-624:632-680:688-760:776-784:800-816:824-864:872-912:920-928:936-944:952-968"
        },
        {
            "src": 59,
            "snk": 72,
            "cost": 8.676386292913005,
            "distance": 38.19515776359184,
            "ots": 2,
            "osnr": 0.0003855473391271339,
            "colors": ":0-24:40-56:64-128:136-144:168-184:192-248:264-304:320-360:368-424:432-464:472-576:584-648:656-688:696-720:728-752:768-784:792-872:888-960"
        },
        {
            "src": 60,
            "snk": 80,
            "cost": 3.0652318899679942,
            "distance": 27.646652622024618,
            "ots": 1,
            "osnr": 0.00022030939148490184,
            "colors": ":8-24:32-40:48-152:160-240:248-280:296-344:352-360:368-392:416-456:464-488:504-512:520-544:552-600:616-696:704-712:720-736:744-872:888-912:920-968"
        },
        {
            "src": 60,
            "snk": 97,
            "cost": 3.3320887371733754,
            "distance": 8.978460767967436,
            "ots": 1,
            "osnr": 6.9330919976294e-05,
            "colors": ":8-16:24-40:48-200:208-224:232-328:352-376:384-392:400-416:424-432:440-576:584-624:632-648:656-672:680-696:704-712:720-728:736-752:760-808:824-832:840-888:896-944:952-968"
        },
        {
            "src": 61,
            "snk": 92,
            "cost": 7.596036268925587,
            "distance": 18.57240020336339,
            "ots": 1,
            "osnr": 0.000162320941522964,
            "colors": ":0-40:56-136:144-168:176-192:200-208:216-232:240-256:264-280:288-296:312-320:336-448:464-576:584-624:632-688:696-712:720-728:736-744:760-768:776-792:800-808:816-968"
        },
        {
            "src": 63,
            "snk": 66,
            "cost": 9.905698313612923,
            "distance": 58.16373499147849,
            "ots": 3,
            "osnr": 0.00038242504530437997,
            "colors": ":8-80:88-112:120-128:136-144:152-216:224-296:304-544:552-560:584-640:648-672:680-704:712-728:736-744:784-808:816-872:880-888:912-968"
        },
        {
            "src": 63,
            "snk": 83,
            "cost": 7.847109732570093,
            "distance": 29.440093843764096,
            "ots": 1,
            "osnr": 0.0004673558025538007,
            "colors": ":16-32:40-88:96-128:136-160:176-200:208-240:256-272:280-312:320-336:344-384:400-408:416-552:560-648:656-664:672-784:792-824:832-840:848-888:896-928:936-960"
        },
        {
            "src": 64,
            "snk": 65,
            "cost": 1.26210208758736,
            "distance": 72.47848921107311,
            "ots": 4,
            "osnr": 0.0006803684746973667,
            "colors": ":0-16:24-48:64-96:104-120:128-144:152-168:184-216:224-248:256-264:272-280:288-312:320-384:392-400:408-536:544-592:600-632:640-696:712-728:744-752:760-888:896-904:912-968"
        },
        {
            "src": 64,
            "snk": 69,
            "cost": 6.117093485336791,
            "distance": 70.7855192470353,
            "ots": 3,
            "osnr": 0.0006022837371882044,
            "colors": ":0-72:80-88:96-152:160-208:216-272:280-288:296-304:312-336:344-384:400-408:416-448:456-568:576-584:592-600:616-672:688-736:744-752:760-792:800-816:840-936:944-968"
        },
        {
            "src": 65,
            "snk": 69,
            "cost": 5.478101527380835,
            "distance": 17.095335599904118,
            "ots": 1,
            "osnr": 0.0001891820636858319,
            "colors": ":8-16:24-32:40-48:56-104:112-120:128-160:168-184:192-200:208-248:256-280:296-344:352-416:424-464:472-504:512-544:552-608:616-720:728-744:760-784:792-896:904-912:920-960"
        },
        {
            "src": 66,
            "snk": 98,
            "cost": 0.6459936311877845,
            "distance": 50.947392107568355,
            "ots": 2,
            "osnr": 0.00036888309954901364,
            "colors": ":0-88:96-112:120-128:136-176:184-208:216-232:240-312:320-376:384-416:424-456:464-528:536-544:552-560:568-616:624-632:640-696:712-752:760-808:816-848:864-880:888-904:920-952:960-968"
        },
        {
            "src": 66,
            "snk": 99,
            "cost": 9.44473248545925,
            "distance": 78.31069637669405,
            "ots": 4,
            "osnr": 0.0005835486873020188,
            "colors": ":8-40:48-72:80-104:112-120:128-168:176-232:240-288:312-344:352-408:416-456:464-520:528-584:592-624:632-696:704-744:752-760:768-808:816-840:848-872:880-896:912-952:960-968"
        },
        {
            "src": 67,
            "snk": 68,
            "cost": 0.7319083370962176,
            "distance": 31.240196217092038,
            "ots": 1,
            "osnr": 8.228046561517014e-05,
            "colors": ":0-16:24-64:72-96:104-112:120-136:152-176:184-192:200-288:296-304:312-336:344-384:392-400:408-592:600-656:664-680:688-728:736-744:752-768:776-800:808-816:824-880:888-928:936-952"
        },
        {
            "src": 67,
            "snk": 93,
            "cost": 0.05681166464798992,
            "distance": 17.1728024230821,
            "ots": 1,
            "osnr": 0.00019693893839219047,
            "colors": ":0-8:16-24:40-48:56-112:120-160:168-248:256-312:320-328:344-384:392-408:416-480:488-504:512-528:536-600:608-680:688-696:704-720:728-784:792-808:824-856:864-912:928-968"
        },
        {
            "src": 69,
            "snk": 80,
            "cost": 7.392458474935176,
            "distance": 25.218463232682243,
            "ots": 1,
            "osnr": 0.0003845412914140212,
            "colors": ":0-40:48-56:72-80:88-152:160-216:224-248:256-272:280-360:368-400:408-424:448-504:520-552:560-616:624-752:760-776:800-840:848-856:872-960"
        },
        {
            "src": 69,
            "snk": 94,
            "cost": 6.063838271258184,
            "distance": 71.34568958739372,
            "ots": 4,
            "osnr": 0.0005384256212359171,
            "colors": ":8-24:32-56:64-152:160-192:208-240:248-264:272-312:320-352:360-400:416-544:552-584:592-608:616-704:712-728:736-760:768-776:792-824:832-864:880-936:944-952:960-968"
        },
        {
            "src": 70,
            "snk": 87,
            "cost": 8.516468173243755,
            "distance": 88.33110258635362,
            "ots": 5,
            "osnr": 0.00035192797123758947,
            "colors": ":8-16:40-48:56-72:96-128:136-224:232-240:248-256:264-272:288-312:320-384:392-448:456-520:528-552:560-592:600-616:624-648:656-776:784-824:832-856:864-968"
        },
        {
            "src": 71,
            "snk": 88,
            "cost": 3.316852778986399,
            "distance": 48.73408446689489,
            "ots": 2,
            "osnr": 0.0005013285115313365,
            "colors": ":0-16:48-88:96-136:144-240:248-288:296-304:312-344:352-360:384-392:424-456:464-496:504-552:568-720:728-856:872-960"
        },
        {
            "src": 72,
            "snk": 78,
            "cost": 1.539326136547411,
            "distance": 67.39626973452005,
            "ots": 3,
            "osnr": 0.0004201791317664371,
            "colors": ":8-32:40-80:88-112:120-128:136-160:168-208:224-264:280-312:320-360:368-424:440-496:504-520:528-536:544-560:568-656:664-720:728-768:776-784:792-824:832-888:896-912:920-968"
        },
        {
            "src": 73,
            "snk": 75,
            "cost": 0.2597501794973678,
            "distance": 35.56769534411564,
            "ots": 2,
            "osnr": 0.0003437737331412464,
            "colors": ":0-16:24-48:56-64:72-152:160-184:192-256:288-352:360-376:384-392:400-408:416-432:440-488:496-512:520-552:560-648:656-688:696-728:736-768:776-808:816-832:848-904:912-968"
        },
        {
            "src": 73,
            "snk": 77,
            "cost": 6.514880442169975,
            "distance": 37.63383379882803,
            "ots": 2,
            "osnr": 0.00022282431269939767,
            "colors": ":0-16:24-32:40-120:128-136:144-168:184-216:224-232:256-312:320-368:376-400:416-488:496-528:536-568:576-584:592-648:656-688:696-728:736-744:752-832:840-912:920-944:952-968"
        },
        {
            "src": 75,
            "snk": 77,
            "cost": 5.517335521401044,
            "distance": 16.290625248976205,
            "ots": 1,
            "osnr": 9.263769079743529e-05,
            "colors": ":0-24:32-48:56-96:104-112:120-144:152-160:168-232:240-248:256-272:280-336:344-352:360-384:392-432:440-472:480-536:544-552:568-696:704-712:720-744:752-776:784-904:912-920:944-968"
        },
        {
            "src": 75,
            "snk": 96,
            "cost": 4.068078497632296,
            "distance": 42.31925184022668,
            "ots": 2,
            "osnr": 0.000292607761243507,
            "colors": ":0-48:56-64:88-96:104-144:152-160:168-192:200-256:264-336:352-376:384-416:424-472:480-568:576-592:600-648:656-712:720-760:768-784:792-808:816-832:840-920:936-960"
        },
        {
            "src": 76,
            "snk": 90,
            "cost": 5.684302682764781,
            "distance": 3.1574519591027186,
            "ots": 1,
            "osnr": 0.00015901948562079893,
            "colors": ":8-40:48-64:72-88:96-120:128-152:160-176:184-288:296-304:312-384:400-432:440-488:512-536:544-624:632-720:728-792:800-808:824-848:856-912:928-944:952-968"
        },
        {
            "src": 76,
            "snk": 99,
            "cost": 3.623624863876466,
            "distance": 104.55314964428509,
            "ots": 5,
            "osnr": 0.000859446042038841,
            "colors": ":0-8:16-40:64-80:88-160:168-232:240-248:256-304:312-360:368-480:488-520:528-536:544-560:584-600:608-648:656-680:696-768:776-832:840-848:856-880:896-968"
        },
        {
            "src": 79,
            "snk": 85,
            "cost": 6.389672623399976,
            "distance": 57.40748082199829,
            "ots": 3,
            "osnr": 0.00028695398412523134,
            "colors": ":0-40:48-72:80-88:96-120:128-168:176-200:208-216:224-240:248-304:312-320:328-368:376-488:496-504:512-624:632-640:664-672:680-704:712-744:752-760:768-808:824-848:856-904:912-968"
        },
        {
            "src": 79,
            "snk": 95,
            "cost": 0.6782800250511178,
            "distance": 70.48097373989518,
            "ots": 4,
            "osnr": 0.00043628806904272397,
            "colors": ":0-16:24-104:112-176:184-216:224-256:272-288:296-312:320-344:352-384:400-416:424-432:440-464:480-528:536-608:616-624:632-736:744-760:768-832:848-888:904-960"
        },
        {
            "src": 80,
            "snk": 94,
            "cost": 6.153145862578734,
            "distance": 72.66146508324357,
            "ots": 3,
            "osnr": 0.0002392371706568659,
            "colors": ":0-8:24-32:40-48:56-120:128-144:152-192:200-208:216-224:232-288:296-320:328-544:552-600:608-640:656-664:672-696:712-736:744-768:776-792:808-816:824-840:848-960"
        },
        {
            "src": 80,
            "snk": 97,
            "cost": 4.822938652321404,
            "distance": 28.00475443439443,
            "ots": 1,
            "osnr": 0.00027805632935632357,
            "colors": ":0-8:16-24:32-96:104-152:168-184:200-216:224-248:256-312:320-352:368-464:472-520:528-632:648-688:696-704:712-720:728-744:752-776:784-808:816-856:864-912:920-952:960-968"
        },
        {
            "src": 83,
            "snk": 99,
            "cost": 0.7635078130293382,
            "distance": 43.83544699605092,
            "ots": 2,
            "osnr": 0.000378765081017293,
            "colors": ":0-8:16-56:64-272:288-312:320-368:376-416:424-456:464-472:480-504:512-520:528-544:568-584:608-672:680-704:720-728:736-784:792-808:816-888:896-960"
        },
        {
            "src": 84,
            "snk": 87,
            "cost": 0.5817120594811342,
            "distance": 41.21094502788229,
            "ots": 2,
            "osnr": 0.0002502340063226531,
            "colors": ":8-40:48-56:72-88:96-120:128-208:216-232:240-288:296-328:336-384:392-400:408-504:512-520:528-544:552-576:592-720:728-736:744-768:776-784:792-832:840-880:888-896:904-936:944-968"
        },
        {
            "src": 87,
            "snk": 94,
            "cost": 9.554829055080225,
            "distance": 54.289595740038294,
            "ots": 3,
            "osnr": 0.000478360813247886,
            "colors": ":8-56:64-72:88-168:176-192:200-240:248-272:280-304:312-344:352-432:440-456:464-496:504-512:520-608:624-640:648-656:688-800:808-832:840-848:864-968"
        }
    ]
}